idDBLP,idACM
conf/sigmod/BohannonMR01,375681
conf/vldb/MorimotoIM97,673651
conf/sigmod/ChenDLT00,336560
journals/sigmod/Winslett02b,507358
journals/sigmod/AbiteboulH95,202664
conf/sigmod/MerialdoAMMP00,335497
conf/vldb/JarkeKL00,671688
journals/sigmod/Aberer03a,776993
conf/vldb/BrownCC94,672985
conf/vldb/Huyn97,673644
conf/sigmod/ShanmugasundaramNSR99,304190
conf/sigmod/KeimK95,223895
journals/vldb/FangGM96,765693
conf/sigmod/DeHaanTCO03,872832
conf/vldb/Meier95,673301
conf/sigmod/CandanLLHA01,375736
conf/sigmod/WangTYGWP02,564774
conf/vldb/Bhashyam96,673470
journals/sigmod/JenningsNF98,306112
journals/vldb/ManegoldBK00,765238
conf/sigmod/Kramer97,253372
journals/vldb/BalkirO98,765542
conf/sigmod/ChanI98,276336
conf/sigmod/GrossmanQ94,191965
conf/vldb/YanA94,672964
conf/sigmod/PossSKL02,564759
journals/vldb/RafieiM02,767094
conf/sigmod/HinneburgK99,304232
journals/sigmod/McClatcheyV97,271087
conf/sigmod/BohmBKK01,375714
journals/vldb/TempletonHMB95,615222
journals/sigmod/LometBCLN98,290608
conf/sigmod/BrinkhoffKSS94,191880
conf/vldb/Shmueli01,672369
conf/vldb/CherniackZ98,671177
conf/vldb/PapadiasT01,672363
conf/vldb/ShatdalKN94,758363
conf/sigmod/HsiaoN00,335461
conf/sigmod/DoanDH01,375731
journals/sigmod/Fong95,212007
journals/vldb/ShanmugasundaramSBCLPR01,767144
conf/vldb/AlonsoHST97,671020
conf/vldb/GionisIM99,671516
conf/sigmod/Ahn94,191847
conf/vldb/CherniackFZ01,672180
conf/sigmod/HernandezMHYHT01,375767
conf/sigmod/Vaskevitch94,191942
conf/vldb/AnandBH94,672966
conf/vldb/TanGO99,671519
conf/sigmod/GuptaS03,872809
journals/sigmod/RossFS02,601875
journals/vldb/HaasCLS97,765559
conf/sigmod/Perna95,223872
conf/vldb/GalhardasFSSS01,672042
conf/vldb/AmmannJR95,673164
conf/sigmod/RaoZML02,564757
conf/vldb/OuzzaniAB94,672989
conf/vldb/Schoning98,671181
journals/tods/TariSS97,278247
conf/sigmod/SaltenisJLL00,335427
conf/vldb/ShivakumarGC98,671179
conf/sigmod/CarinoKKB01,375733
journals/sigmod/Aberer03c,776993
conf/vldb/TheodoratosS97,673656
conf/sigmod/BryanMCLG94,191955
conf/sigmod/ProcopiucJAM02,564739
conf/sigmod/CareyFZ94,191911
conf/sigmod/GetoorTK01,375727
conf/sigmod/TomasicABKNR97,253402
journals/tods/GravanoGT99,320252
conf/vldb/Jacobs97,673647
conf/vldb/ChavdaW97,671021
journals/sigmod/ArpinarD00,362098
conf/vldb/MendelzonV00,672006
conf/sigmod/BumbulisB02,564753
journals/sigmod/Qian95,219772
conf/vldb/BestavrosB95,673131
conf/sigmod/Nori00,671698
conf/sigmod/Al-KhalifaYJ03,872761
conf/vldb/MillerHH00,671677
conf/vldb/FlodinR95,673311
journals/sigmod/Snodgrass02b,507369
journals/vldb/WidomS00,764213
conf/vldb/GehaniJR94,672971
conf/vldb/LeslieJBY95,673317
journals/tods/ScioreSR94,176570
conf/sigmod/ChengKP03,872823
conf/sigmod/ChaudhuriD97,253373
conf/sigmod/DeshpandeRSN98,276328
conf/sigmod/Bussler02,507351
conf/sigmod/MissikoffT94,191958
journals/tods/Suciu02,507235
conf/vldb/Suciu96a,673488
conf/vldb/Taylor00,671859
conf/vldb/BaumgartnerFG01,672194
journals/vldb/LandauST95,615233
journals/sigmod/EisenbergM02,637433
conf/sigmod/CallanCD99,304224
conf/vldb/PantiSG00,671693
conf/vldb/MohanBWSZ00,671858
conf/vldb/X00,671674
journals/sigmod/Labrinidis01,604283
conf/vldb/ChatziantoniouR97,671003
journals/vldb/AslanM99,765512
conf/vldb/Rengarajan96,673499
journals/sigmod/Aberer02a,637424
conf/sigmod/ChaudhuriKN03,872831
journals/sigmod/KoksalAD98,273265
conf/vldb/RysNS96,673501
journals/vldb/PucheralBVB01,767143
conf/sigmod/AgrawalK03,872865
journals/sigmod/RosenthalS99,333611
conf/sigmod/BunemanKTT02,564693
conf/vldb/WiesnerK01,672204
journals/sigmod/Neven02,601869
journals/sigmod/NascimentoM99,310062
conf/vldb/Spintzik95,673162
conf/sigmod/Olson95,223873
conf/sigmod/BersonGMJ94,191852
conf/sigmod/LuoKMPWLN02,564763
conf/sigmod/SlivinskasJS01,375678
journals/sigmod/Date96,245886
conf/vldb/BeneventanoBCCGMMV00,672014
journals/sigmod/MeltonE02,565141
conf/vldb/ChangG00,672022
conf/vldb/CochinwalaB94,672968
conf/sigmod/AcharyaGPR99a,304207
conf/vldb/Jamil97,673648
journals/sigmod/Winslett03c,640999
journals/vldb/RamakrishnanSSS94,615195
journals/tods/DattaVCK99,310710
conf/sigmod/ColeG94,191872
journals/tods/GibbonsMP02,581753
conf/vldb/TsatalosSI94,672990
conf/sigmod/VanceM96,233317
conf/sigmod/CasatiS01,375812
conf/sigmod/KrishnamurthyBN99,304235
conf/vldb/MatiasVW00,672011
conf/vldb/WangZL99,671360
conf/vldb/Sterling98,671203
journals/vldb/ZezulaSAR98,765541
conf/vldb/Schnase00,671685
conf/vldb/HaasKU99,671671
conf/sigmod/Levine95,223878
conf/vldb/CatozziR95,673297
conf/vldb/MengLYWCR98,671185
journals/sigmod/Mani03,959066
journals/vldb/CombiP01,765505
conf/vldb/ArgePRSV98,671340
journals/sigmod/ButtlerCCFHLPRX02,637421
conf/vldb/ChaudhuriN97,673646
conf/sigmod/PolyzotisG02,564733
conf/sigmod/BertinoCF01,375764
journals/sigmod/DomenigD99,333615
conf/vldb/Suciu96,673629
journals/vldb/TenienteO95,615220
conf/vldb/AksoyZF01,672046
journals/vldb/HarderST99,765516
conf/sigmod/LangS01,375716
conf/sigmod/Weininger02,564754
conf/vldb/LiC94,672826
journals/sigmod/DreyerDS94,181553
conf/sigmod/LabrinidisR00,335430
journals/vldb/Cobb97,765555
conf/sigmod/FaloutsosRM94,191925
conf/vldb/SahuguetA99,671350
conf/vldb/AgarwalADGNRS96,673497
journals/sigmod/SommerGB02,507343
conf/sigmod/ShenNSHS03,872842
journals/sigmod/Snodgrass98c,290599
journals/sigmod/HasanMV96,245900
conf/vldb/SeshadriLR97,671010
journals/sigmod/Winslett02a,637427
journals/tods/GhandeharizadehHJ96,232801
conf/vldb/Ogawa96,673320
conf/sigmod/GaoW02,564734
journals/sigmod/EnglertGH95,219760
conf/sigmod/Kleissner95,223875
journals/sigmod/DoanPK95,212003
journals/vldb/FuCCM00,765232
conf/sigmod/HjaltasonS98,276326
journals/sigmod/AnyanwuS02,637418
conf/sigmod/Kennamer98,276373
conf/sigmod/IoannidisLANT97,253415
journals/vldb/ChirkovaHS02,641272
conf/sigmod/GibbsBT94,191856
journals/tods/LitwinN96,236713
journals/sigmod/Aberer01,603869
conf/sigmod/Ramakrishnan00,335471
conf/vldb/MatthesS94,672986
journals/sigmod/Kim94,181552
conf/vldb/GarofalakisG02,564794
journals/vldb/DeWittNSV96,765751
conf/sigmod/Pirahesh94,191941
journals/sigmod/RamamrithamS97,262769
conf/sigmod/SismanisDRK02,564745
journals/sigmod/Aberer02,637424
conf/vldb/HaasKWY97,670995
conf/vldb/DyresonBJ99,671672
journals/sigmod/Winslett02c,507357
conf/sigmod/KrishnanVI96,233341
journals/sigmod/Qian97,248618
conf/sigmod/Faloutsos95,223879
journals/sigmod/RossGR03,641001
conf/sigmod/TatarinovIHW01,375720
conf/vldb/ChenCFGJMTW99,671496
conf/vldb/DeWittKLPY94,672974
conf/sigmod/SagonasSW94a,191970
journals/sigmod/EisenbergM98a,290604
conf/vldb/George98,671032
conf/vldb/ManolopoulosT01,672358
conf/vldb/LiM01,672035
conf/sigmod/LiefkeS00,335405
conf/vldb/JoshiBLL98,671184
conf/vldb/WuFSP00,671847
conf/sigmod/ChanI99,304201
journals/sigmod/Winslett02c,565127
conf/sigmod/BlakeleyP98,276354
conf/vldb/ChungCLL01,672347
conf/sigmod/ShklarSKT95,223891
conf/sigmod/PapadiasTSE95,223798
journals/sigmod/Qian94a,187462
conf/sigmod/HanPDW01,375664
journals/vldb/StonebrakerALPSSSY96,765754
conf/sigmod/AdaliCPS96,233327
journals/sigmod/LeeC00,362140
conf/sigmod/LiuFP03,872846
conf/vldb/Dasgupta96,756664
conf/sigmod/Smith01,375814
journals/sigmod/HaritsaS96,381870
journals/sigmod/SchlageterBHMSW95,202672
journals/sigmod/KennedyMB96,245895
conf/sigmod/LiC95,223897
journals/vldb/TsatalosSI96,765690
journals/sigmod/VelACM01,604272
conf/sigmod/RadekeBBEKKN95,223894
conf/sigmod/Doherty98,276358
conf/sigmod/GotoK03,872837
conf/sigmod/FegarasM95,223789
conf/sigmod/ZhuS03,872780
conf/sigmod/KalnisP01,375712
journals/tods/TendickM94,174641
conf/sigmod/AchyutuniON96,233326
conf/sigmod/Weininger00,335465
conf/sigmod/PangCL94,191882
conf/vldb/BonifatiCDS01,672212
conf/sigmod/AshleyFHLNP95,223888
conf/vldb/WaasCB01,672026
journals/sigmod/HalkidiBV02,601862
journals/sigmod/Qian95b,212022
conf/sigmod/IpeirotisGS01,375671
conf/vldb/DavisonG94,672821
journals/sigmod/BoucelmaCGJLL02,637431
conf/sigmod/BerchtoldK97,253407
journals/tods/Subrahmanian94,176571
conf/vldb/Wang95,673152
conf/vldb/LahiriSCMC01,672377
conf/vldb/RezendeH98,671194
journals/vldb/NybergBCGL95,615237
conf/sigmod/ShahC01,375773
conf/sigmod/ChandrasekaranCDFHHKMRS03,872857
journals/vldb/GeorgeH00,764215
conf/sigmod/HacigumusILM02,564717
journals/sigmod/SnodgrassGIMSU98,290599
journals/sigmod/Ioannidis96,245890
conf/sigmod/ChristophidesCS00,335395
journals/sigmod/QuixSJ02,507339
conf/sigmod/JonssonFS98,276316
journals/vldb/BonifatiCP01,767136
conf/vldb/CotterB00,672015
journals/tods/MokNE96,227612
conf/sigmod/KanthAS98,276320
journals/sigmod/BurtonM98,273254
journals/tods/FormicaGM98,293152
journals/tods/LakshmananLN03,958944
journals/sigmod/EisenbergM98,290604
conf/vldb/SimonD95,673319
journals/vldb/Sarawagi01,767148
conf/sigmod/French95,223871
journals/sigmod/Klein94,187445
conf/vldb/TanSHCR01,672376
journals/vldb/KrivokapicKG99,765510
journals/sigmod/Halevy00,369284
conf/vldb/PedersenJD00,671842
conf/sigmod/Ellison95,277954
journals/sigmod/DunhamH95a,219727
conf/vldb/ChakravarthyKAK94,672994
journals/sigmod/Aberer03a,641003
conf/sigmod/Toyama98,276389
journals/sigmod/SycaraKWL99,309895
conf/vldb/LabioYCGW00,671684
conf/vldb/Schek00,671680
conf/vldb/MogiK95,673307
journals/sigmod/ONeilG95,212001
conf/vldb/IdrisGC94,672967
conf/sigmod/BabcockO03,872764
conf/vldb/OConnellWG01,672185
conf/vldb/WeberSB98,671192
journals/vldb/GutingS95,615221
journals/sigmod/GobleR02,507366
journals/sigmod/TsotrasJS98,273258
conf/vldb/GinisHKMT97,670997
conf/sigmod/LometT99,304189
conf/sigmod/MarklL02,564766
conf/sigmod/DoppelhammerHKK97,253280
conf/vldb/SrikantA95,673304
journals/vldb/KemperK95,615230
conf/sigmod/AgrawalW00,335423
conf/vldb/AmbiteKKMST01,672186
conf/sigmod/ButtlerLPP01,375762
conf/vldb/RusinkiewiczKTWM95,673142
conf/vldb/SevcikK96,673466
journals/vldb/LiR99,765515
conf/sigmod/AgrawalGGR98,276314
journals/sigmod/Ritter98,306141
journals/tods/Snodgrass01a,505049
conf/vldb/LakshmananSS99,671511
conf/sigmod/FlokstraKS94,191951
conf/sigmod/AgichteinG03,872851
journals/tods/ChrysanthisR94,185843
journals/sigmod/Aberer02a,507353
journals/sigmod/LeeCL95,212011
conf/sigmod/MohanN94,191849
journals/tods/StolboushkinT98,288089
conf/sigmod/ShashaB02a,564799
conf/sigmod/Martin94,191936
conf/vldb/FlorescuLS98,671168
conf/sigmod/LitwinS00,335418
conf/vldb/HvasshovdBT00,671853
journals/sigmod/GriffinK98,290597
conf/vldb/GutierrezPST94,672976
conf/vldb/GardarinGT96,673484
journals/sigmod/Critchlow01,373699
conf/vldb/SistlaYLL95,673146
conf/sigmod/WhitneyS01,375783
conf/sigmod/BaulierBGGHJKKMMNNRSSSWW99,304239
conf/vldb/Johnson99,671351
journals/tods/HjaltasonS99,320255
conf/vldb/Garcia-MolinaLY98,671164
conf/sigmod/BaruGLMPVC99,304590
journals/sigmod/Qian96b,234903
conf/sigmod/TheobaldW02,564768
journals/sigmod/BestavrosLS96,234897
journals/vldb/KraissW98,765532
journals/sigmod/Fong97,248614
conf/sigmod/OzdenRSS96,233322
journals/sigmod/TianDCZ02,507341
conf/vldb/BaralisW94,673002
conf/vldb/YiF00,671689
conf/sigmod/WangSSZZW00,335495
journals/sigmod/SnodgrassAABCDEGJKKKLLRSSS94,181562
journals/vldb/Navarro02,767095
conf/vldb/GoldmanSVG98,671346
journals/vldb/HelmerM03,950493
conf/sigmod/AdiBEY01,375759
conf/vldb/KnorrN99,671529
conf/sigmod/KiesslingHFE01,375754
journals/sigmod/Aberer02c,637423
journals/sigmod/RiekertMW97,248608
journals/sigmod/CabreraLM01,604269
conf/sigmod/LakshmananPZ03,872843
journals/tods/AmmannJR97,249981
conf/vldb/MeccaCM01,672370
journals/sigmod/BonnetBDL03,959067
conf/vldb/KemmeA00,671855
conf/vldb/GarofalakisRS99,671514
journals/vldb/AgrawalAJL95,615215
journals/sigmod/Hanna95,211994
conf/sigmod/SelfridgeSW96,233315
journals/sigmod/MedskerCS95,202673
conf/vldb/ChakrabartiDAR97,673659
conf/vldb/CuiW01,672029
conf/vldb/NatsevCSLV01,672365
journals/sigmod/Qian95a,212022
conf/sigmod/BarbaraI94,191844
conf/sigmod/Blakeley94,191989
journals/sigmod/Aberer02b,637424
journals/sigmod/SnodgrassAABCDEGJKKKLLRSSS94a,187449
conf/vldb/AmsalegFG95,673302
conf/vldb/AnSVKIG01,672374
conf/sigmod/GuoSBS03,872762
journals/sigmod/Wu02,637426
journals/vldb/OoiTCH98,765528
journals/sigmod/Winslett02a,565126
conf/sigmod/Miller98,276322
conf/vldb/Pound99,671490
journals/sigmod/BoscMP01,373708
conf/vldb/EvangelidisLS95,673316
conf/sigmod/HanKK97,253330
journals/sigmod/GroskySF02,637420
journals/sigmod/Aberer03d,945727
conf/vldb/PoosalaI96,673321
conf/vldb/BaulierBGJGKKMMNNRSS98,671175
journals/tods/JacoxS03,937600
journals/tods/Ross96,232628
journals/sigmod/GobleR02a,637422
conf/sigmod/ClaypoolRZSK01,375765
journals/sigmod/BonifatiC00,344822
journals/sigmod/Aberer02,507353
journals/sigmod/WenLMZ03,640994
conf/vldb/WildfogelY97,670998
journals/sigmod/Aberer02a,601865
conf/sigmod/FaloutsosSTT00,335412
conf/vldb/YagoubFIV00a,758379
journals/tods/KarpSP03,762473
conf/sigmod/ChenGMV02,564710
conf/vldb/ShaferA97,671018
conf/sigmod/Keim99,304219
journals/tods/FernandezKSMT02,582413
conf/sigmod/PalmerF00,335384
journals/sigmod/Dogac02,507340
conf/sigmod/RiedewaldAA02,564694
conf/vldb/FukudaMMT96,673495
conf/vldb/PolyzotisG02,564733
conf/sigmod/KarbhariRXD02,564773
conf/sigmod/AgrawalCFGHIIMMSS94,191972
conf/sigmod/EmbleyJN99,304223
conf/vldb/HaberIL95,673296
conf/sigmod/FaloutsosL95,223812
journals/sigmod/FernandezFLS97,262763
conf/sigmod/BrinMUT97,253325
journals/sigmod/RossHKRRSS01,604262
conf/vldb/CareyD96,673465
conf/sigmod/WangPFY03,872774
journals/sigmod/Winslett03b,640999
conf/vldb/ShanmugasundaramKSFF01,672203
conf/vldb/Shaw98,671169
conf/vldb/MiningGroup96,673478
conf/sigmod/LiS98,276374
conf/vldb/DingGS00,672013
conf/sigmod/ShatdalN95,223801
conf/sigmod/DohertyHR96,233344
journals/sigmod/Camps96,245886
conf/sigmod/FukudaMMT96a,280359
journals/sigmod/BichlerSZ98,306102
conf/vldb/KahveciS01,672028
conf/sigmod/HaasH99,304208
conf/vldb/MedianoCD94,672840
journals/tods/BeneventanoBS03,762472
journals/sigmod/FrewD97,248609
conf/sigmod/HellersteinW02,564788
conf/sigmod/BrinDG95,223855
conf/sigmod/Epstein95,277955
conf/sigmod/ChangH02,564731
conf/sigmod/RaoR00,335449
journals/sigmod/WolfsonSDNR95,219737
conf/vldb/LometT95,673170
journals/sigmod/WuY00,362096
journals/vldb/GeorgakopoulosRL94,615186
journals/sigmod/BohmR94,190635
journals/sigmod/RossCGLLM01,603882
conf/sigmod/ChenZCKR01,375789
journals/sigmod/Gal99,310061
journals/vldb/GruserRZZ00,765221
conf/sigmod/KimC03,872829
conf/vldb/BamfordAP99,671509
conf/sigmod/Seshadri99,304226
conf/vldb/BerckenS96,673480
journals/sigmod/Snodgrass98a,290599
conf/sigmod/WangZS95,223900
journals/sigmod/KoubarakisTID03,945736
journals/vldb/MedjahedBE03,953243
journals/vldb/SheikholeslamiCZ00,764221
journals/vldb/AbiteboulCM98,765527
conf/sigmod/BilirisDGJR94,191848
conf/vldb/PapakonstantinouAG96,673481
conf/sigmod/LuoEHN02,564721
journals/sigmod/PaepckeGRC00,344828
journals/tods/Chen95a,202110
conf/sigmod/WattezCBFF00,335452
journals/sigmod/Qian95b,219772
journals/vldb/GrefenVA01,767153
conf/vldb/TriantafillouP97,673663
conf/sigmod/BressanGFJHKLMPQSS97,253389
journals/tods/ChenHM95,219039
conf/vldb/PardonA00,671860
conf/vldb/YuV00,758377
conf/sigmod/HellersteinA00,335420
journals/sigmod/Aberer02,601865
journals/vldb/PanagosB97,765557
journals/sigmod/BawaCCDGGKMSSVY03,945728
conf/sigmod/AtzeniT97,253393
journals/sigmod/Bohlen95,219758
conf/sigmod/YuMWL01,375684
journals/sigmod/PhatakSSS96,381897
conf/sigmod/BrodskyK95,223788
journals/sigmod/Wiegand02,565122
conf/vldb/Sol01,672038
journals/sigmod/StolfoLCFE01,604267
journals/sigmod/SnodgrassHMOPRRWY98,390004
conf/vldb/FlorescuLSY99,671493
conf/sigmod/AgrawalCD02,564782
conf/vldb/Spaccapietra94,672993
conf/sigmod/ZaharioudakisCLPU00,335390
journals/sigmod/BarbaraCJW01,604268
conf/sigmod/AdaliSS99,304193
conf/sigmod/DeshpandeGR01,375685
conf/sigmod/CranorJSS03,872838
journals/sigmod/Qian96a,245909
journals/sigmod/Grohe02,637428
journals/sigmod/CasatiDS00,369276
conf/vldb/YagoubFIV00,758379
conf/vldb/LuTD95,673139
conf/sigmod/GarofalakisGRSS00,335409
conf/sigmod/Rajaraman99,304246
conf/sigmod/PoosalaIHS96,233342
journals/sigmod/NestorovAM97,271084
journals/vldb/LiangOY00,764223
conf/sigmod/AmbiteABKMMMPT98,276381
conf/vldb/GeorgeH98,671190
journals/sigmod/OConnellW03,640991
conf/sigmod/Gerber95,223877
conf/sigmod/LabioZWGGW97,253405
conf/sigmod/Suciu99,304233
journals/tods/BunemanO96,227609
conf/vldb/DidriksenGD95,673313
conf/sigmod/MoonSL00,335428
journals/sigmod/LightstoneLZ02,601873
journals/sigmod/SilberschatzZ97,262768
journals/sigmod/MeltonE02,637433
journals/tods/Lerner00,352983
conf/vldb/MargaritisFT01,758382
journals/vldb/BunemanFS00,765224
conf/sigmod/BerckenDS00,336562
conf/vldb/Deshpande00,671866
conf/sigmod/ChakrabartiDI98,276332
conf/sigmod/BerchtoldBK98,276318
journals/tods/LiC01,502032
conf/vldb/RothOH99,671494
journals/vldb/BonczK99,765511
conf/sigmod/SchusterW01,375728
journals/sigmod/BerraNT95,202670
conf/sigmod/FukudaMMT96,233313
journals/sigmod/RossFS02,507364
conf/sigmod/Chong98,276370
journals/sigmod/CarmelMS01,373705
conf/sigmod/Arpaci-DusseauACHP97,253322
conf/vldb/ChakrabartiSD98,671328
conf/sigmod/ChenDLT00,671678
conf/vldb/BunemanDHOW95,673160
journals/sigmod/Etzion99,344820
journals/sigmod/WangD03,959079
conf/vldb/BelussiF95,673166
conf/vldb/PottingerL00,671692
journals/sigmod/Domingo-FerrerH98,306129
conf/vldb/GibsonKR98,671202
conf/sigmod/AcharyaAFZ95,223816
conf/sigmod/ChooOLCGBPS96,280357
conf/vldb/SeidlK97,673655
conf/vldb/ChanI99,671365
journals/sigmod/Ulusoy95,202669
conf/sigmod/KornackerSH98,276384
conf/vldb/DarEGP98,671325
conf/sigmod/PaparizosACJLNPSWWY03,872862
conf/vldb/PapadiasMD98,671163
journals/sigmod/RoddickABDEGHLMMMW00,344789
conf/vldb/GravanoG97,670994
conf/sigmod/GatziuGD95,223893
journals/sigmod/Aberer02a,507352
conf/sigmod/PopaDST00,335421
journals/sigmod/GroskyFS94,190644
conf/vldb/DoDJJR98,671165
journals/sigmod/RossAJS02,601875
journals/tods/LiuM96,232622
conf/sigmod/Rodriguez-Martinez00,336575
conf/sigmod/PonnekantiK00,335462
journals/tods/ParsonsW00,357778
conf/sigmod/ShashaB02a,564798
journals/sigmod/RamanathanH97,248615
conf/sigmod/BaumannDFRW98,276386
conf/sigmod/ChaudhuriMN98,276343
journals/sigmod/DrewHKKLLLSW95,219769
journals/sigmod/Aberer03a,776994
conf/sigmod/AfratiLU01,375705
conf/sigmod/DeshpandeNGS03a,872856
conf/vldb/BohmMSW01,672198
conf/vldb/SilversteinBMU98,671027
journals/vldb/Antoshenkov97,765545
journals/tods/Chomicki95,210200
journals/vldb/BerchtoldKK97,765566
conf/vldb/PedersenJD99,671491
conf/vldb/SadriZZA01,672043
journals/sigmod/Aberer03a,945727
journals/sigmod/JaegerF95,202668
conf/vldb/KamelF94,673001
journals/sigmod/Qian95a,219772
journals/vldb/AguileraCMVV02,641273
conf/vldb/GardarinGT95,673169
journals/vldb/BenzakenD95,615229
conf/sigmod/GreenwaldK01,375670
journals/vldb/KashyapS96,765855
conf/vldb/ShanmugasundaramGTZDN99,671499
journals/sigmod/LacroixB03,641003
conf/vldb/KornLKF98,671025
conf/vldb/PereiraFLS00,671690
conf/vldb/SeshadriLR96,673634
journals/tods/SistlaWYS98,277641
conf/vldb/RosenthalS94,672973
conf/vldb/HellersteinNP95,673145
conf/sigmod/DavisonG95,223845
journals/sigmod/DoanPSB97,248617
journals/sigmod/Winslett02,565126
conf/sigmod/BlohsfeldKS99,304203
conf/sigmod/Bonnet02,564790
conf/vldb/TeisseirePC94,672831
conf/sigmod/LakshmananNHP99,304196
journals/sigmod/Snodgrass03,945723
journals/sigmod/FowlerPNB99,310060
journals/tods/Jimenez-PerisPAK03,937601
journals/sigmod/Winslett02c,601871
conf/vldb/Dyreson96,673326
conf/vldb/WhiteheadSM97,673660
conf/vldb/LlirbatST97,670991
conf/sigmod/MotakisZ97,253359
conf/vldb/StohrMR00,671843
journals/vldb/PapazogluK97a,765549
conf/vldb/KraissW97,673664
journals/sigmod/RossNO03,641001
conf/sigmod/HwangLYMMGCSS94,191986
conf/sigmod/NatsevRS99,304217
journals/sigmod/KiyokiKH94,190639
conf/vldb/RamasamyPNK00,672009
journals/tods/LiuDL02,507237
journals/sigmod/Aberer02b,637423
journals/vldb/ApersCS02,641269
conf/sigmod/LeflerSW96,280354
conf/sigmod/Cohen98a,276323
conf/sigmod/PatelYKTNBHRLEKGDN97,253342
conf/sigmod/ZhouLP99,304580
conf/vldb/UrhanF01,672188
conf/sigmod/DogacHKOONDMAKE96,280358
journals/vldb/SakuraiYUK02,767128
journals/sigmod/Bhashyam96,245908
journals/tods/MuralidharS99,331986
conf/sigmod/HinneburgK99,671505
conf/sigmod/ChaudhuriDY95,223856
conf/sigmod/CareyCNVDRSM99,671522
journals/sigmod/RossHLW01,603882
journals/sigmod/AdelbergKG96,381882
journals/sigmod/GrayG97,271094
conf/sigmod/Moore95,223859
conf/sigmod/KornMZ03,872868
conf/sigmod/LakhamrajuRSS00,335381
conf/sigmod/GeneserethKD97,253400
conf/sigmod/KriegelMPS01,375777
conf/vldb/IyerW94,672970
conf/vldb/JagadishMN99,671667
journals/sigmod/Aberer02c,601864
journals/sigmod/RamirezSP94,187458
journals/sigmod/Wong95,212013
journals/vldb/LeeSC01,765507
conf/sigmod/WuAA01,375724
conf/sigmod/KriegelBKPS03,872828
journals/sigmod/Hammer02,601859
journals/sigmod/TomasicS97,248606
journals/sigmod/Aberer02,507352
conf/sigmod/MamoulisP99,304183
conf/sigmod/ReinwaldP98,276356
conf/vldb/JohnsonS94,672996
conf/sigmod/OhHP00,335436
conf/sigmod/HouZ95,223840
journals/sigmod/Loeffen94,181565
conf/vldb/RamaswamyMS98,671170
journals/sigmod/Aberer03c,945727
conf/sigmod/LivnyRBCDLMW97a,253335
conf/vldb/DeRose99,671670
conf/vldb/GarofalakisG01,672356
conf/vldb/WangYM97,758369
journals/vldb/ChangG01,767145
conf/sigmod/Agarwal96,233336
conf/sigmod/ChenGK01,375692
journals/sigmod/Dogac02,507339
journals/sigmod/ForteHWDCVHFS99,309870
conf/sigmod/SalemBCL00,335393
conf/vldb/YanG95,673153
journals/sigmod/Aberer02b,601865
journals/sigmod/TanakaV01,603879
conf/sigmod/CookWZ94,191913
conf/vldb/ShahabiFKF00,671682
journals/sigmod/Ioannidis96,245895
conf/vldb/TreschPL95,673309
journals/sigmod/ShethBS99,310067
journals/sigmod/Aberer03d,641004
journals/tods/CastanoAFP98,293150
conf/sigmod/ZhaoDNS98,276329
conf/vldb/CareyHMW96,673633
conf/sigmod/BarbosaMKL02,564769
conf/vldb/LakshmiZ98,671200
journals/sigmod/GottlobKP03,776988
journals/sigmod/Anisimov03,945741
journals/sigmod/GerlaX03,959073
conf/vldb/SistlaYH94,672829
conf/sigmod/BerensonBGMOO95,223785
conf/sigmod/IvesFFLW99,304209
journals/sigmod/Konig-RiesMMPPRSVW02,565134
journals/sigmod/Wiegand03,959081
journals/sigmod/MarchiLPT03,640997
conf/vldb/BerckenSW97,671016
conf/vldb/KilgerM94,672981
journals/tods/KemmeA00,363955
conf/sigmod/KiepuszewskiMO98,276379
conf/vldb/HelmerM97,673667
journals/sigmod/Stirling03,776997
journals/sigmod/Hampapur99,309883
journals/sigmod/LeeF01,604270
conf/sigmod/Epstein95,277954
journals/sigmod/Bussche00,362136
conf/sigmod/RoussopoulosKV95,223794
journals/sigmod/Aberer03d,959078
journals/sigmod/RossAKSSY00,602302
conf/vldb/Vaskevitch95,673310
journals/sigmod/Darwen96,245885
journals/sigmod/BollKB98,306119
conf/vldb/RothS97,670992
conf/sigmod/MiloAABN03,872793
conf/sigmod/Squire95,223869
conf/vldb/FankhauserGLMT98,758371
conf/vldb/ChienTZ01,672373
journals/sigmod/McHughW97,271082
journals/sigmod/KuokFW98,273257
conf/sigmod/ThomasDM95,223892
journals/tods/Meo00,363956
conf/vldb/ViverosNR96,673464
journals/sigmod/SureSS02,637414
journals/vldb/SofferS98,765540
conf/sigmod/JajodiaSSB97,253364
conf/vldb/CochranePM96,673498
journals/vldb/ChenHY97,765551
conf/sigmod/FreireHRRS02,564713
conf/vldb/BassiliadesV95,673137
conf/sigmod/WodtkeWWDM97,253411
journals/sigmod/BunemanLSTW94,181564
conf/vldb/YanL95,673154
conf/sigmod/Hellerstein94,191904
conf/vldb/AcharyaGP99,304207
conf/sigmod/WitkowskiBBDFGSS03,872767
journals/sigmod/Aberer03,776993
conf/vldb/AgrawalCN00,671701
conf/sigmod/ChooOLCGBPS96,233321
conf/sigmod/BersonGM95,223852
journals/sigmod/Date03,959061
conf/vldb/JensenL01,672027
conf/vldb/May01,672036
conf/vldb/BernsteinPS99,671498
journals/vldb/IshakbeyogluO98,765525
conf/sigmod/GravanoGT94,191869
conf/vldb/JiangSLB00,672021
journals/sigmod/UrbanDG96,381892
conf/vldb/Banerjee00,671683
journals/sigmod/YanG95,212018
conf/sigmod/ChaudhuriDN01,375694
conf/vldb/SkubiszewskiV97,673640
conf/sigmod/PeiMHZ00,336572
journals/sigmod/MotroA03,959085
journals/tods/AikenHW95,202107
conf/vldb/BrownS95,673132
journals/vldb/VerykiosME03,775455
journals/sigmod/YauLMS99,333612
journals/sigmod/NascimentoSP03,945722
conf/sigmod/DeutschFS99,304220
conf/vldb/EicklerGK95,673165
conf/sigmod/GoelI96,233318
conf/sigmod/HungYK96,280360
journals/tods/CiacciaTZ96,232755
conf/sigmod/ShashaB02,564798
journals/sigmod/JajodiaBBKMSW97,271095
journals/sigmod/ChaudhuriD97,253373
conf/sigmod/BohlenBD99,304585
conf/vldb/GrumbachRS00,672005
journals/vldb/Halevy02,764200
conf/vldb/Bayer95,673133
journals/sigmod/Palpanas00,362142
journals/tods/DeyS96,232796
conf/sigmod/ChangG99,304212
journals/sigmod/GlavitschSW94,190645
conf/vldb/ZengBNN01,672023
conf/sigmod/Dullmann99,304229
journals/sigmod/Winslett02c,507358
conf/vldb/CareyK98,671166
journals/tods/WangBBJ97,249979
conf/sigmod/Mohan99,304230
journals/sigmod/Hammer02a,601859
conf/vldb/AmirKN01,672215
conf/vldb/KnorrN98,671334
journals/sigmod/Snodgrass98b,290599
conf/sigmod/LuWYBLY02,564785
conf/vldb/SatheS01,672366
conf/sigmod/LamCKNH01,375779
conf/sigmod/GarofalakisGR02,564794
conf/sigmod/AbiteboulCM95,223854
conf/vldb/FlorescuKLP97,673654
conf/sigmod/Mohan94,191990
journals/tods/CeriFPT94,185828
conf/vldb/HoskingC99,671503
journals/vldb/SaltenisJ02,767093
conf/sigmod/AltinelABFSZ99,304571
journals/sigmod/Barbara01,604265
journals/sigmod/WinslettCDHZZ02,601881
journals/sigmod/Bussler02,507351
conf/vldb/FuhDCMTLDRM99,671520
journals/sigmod/ChangGKRS98,290607
journals/sigmod/RoantreeMH99,310066
journals/vldb/Barbara-MillaG94,615201
journals/sigmod/Fankhauser01,603870
conf/vldb/Malaika96,673630
conf/sigmod/Freeston95,223796
journals/tods/Wijsen99,310715
journals/sigmod/SilberschatzSU96,381886
conf/sigmod/Maguire01,375742
journals/sigmod/AndlerHEMBE96,381881
journals/sigmod/Aberer02,565128
conf/vldb/BridgeJKLLM97,671011
conf/sigmod/AgrawalCN01,375769
journals/sigmod/Manola98,273267
journals/vldb/RamamurthyDS03,950483
conf/sigmod/WaasG00,335451
conf/vldb/Korth95,758365
conf/vldb/Gentili01,672184
journals/sigmod/Aberer02b,507352
conf/sigmod/CareyDNAGS97,253283
conf/vldb/ZhangL98,671332
journals/sigmod/HalkidiBV02,565124
conf/vldb/MeoPC96,673500
conf/sigmod/BhargavaGI95,223847
conf/vldb/RezendeS98,671195
journals/sigmod/ShethGJRSWW96,245903
journals/sigmod/BuchnerM98,306124
conf/vldb/ManolescuFK01,672368
journals/sigmod/GalianoM03,959080
conf/sigmod/ChaudhuriMN99,304206
conf/sigmod/NgWY01,375666
conf/sigmod/GriffinH97,253304
conf/vldb/OoiYTJ01,672178
journals/sigmod/BerndtssonH96,381889
conf/sigmod/Ellison95,277955
conf/vldb/GohOST99,671507
conf/sigmod/Eaton98,276357
conf/sigmod/AndersonBKW98,276347
conf/sigmod/FabretJLPRS01,375677
conf/sigmod/RoussopoulosKS99,304584
conf/sigmod/BunemanM95,223863
conf/sigmod/ZouS96,233325
journals/sigmod/Winslett02c,601870
journals/sigmod/Aberer03a,641004
conf/sigmod/DeligiannakisR03,872786
conf/vldb/Sheth96,673492
journals/sigmod/MedeirosP94,181566
conf/sigmod/MaddenSHR02,564698
journals/sigmod/Winslett03,640998
conf/sigmod/TsurUACMNR98,276306
journals/vldb/AbadiCCCCLSTZ03,950485
conf/vldb/Sondag01,672359
conf/vldb/NishioSTTL01,672350
journals/sigmod/BerndtssonH96,234897
conf/sigmod/FernandezMS01,375674
conf/sigmod/AgichteinGV01,375774
conf/vldb/Lesk94,672830
conf/sigmod/ChoiC02,564742
conf/sigmod/ChaudhuriD97,248616
conf/vldb/SavasereON95,673300
conf/sigmod/SzalayGKT00,335439
conf/sigmod/ZuzartePMCLW03,872840
journals/sigmod/Aberer03a,959078
conf/sigmod/LoR96,233337
conf/sigmod/SzalayGTKMRSv02,564758
conf/sigmod/ChangBCLLS00,335433
conf/sigmod/BhattacharyaMBNHS02,564749
conf/vldb/X00a,758376
conf/vldb/OlstonW00,671877
conf/sigmod/KalnisNOPT02,564695
conf/sigmod/Whelan98,276368
conf/sigmod/Hope95,223861
conf/sigmod/OlstonW02,564701
conf/sigmod/GoldsteinL01,375706
conf/vldb/CatozziR01,672210
conf/vldb/LingLL00,671868
conf/vldb/FerrandinaMZFM95,673314
journals/sigmod/MeltzerC98,306105
journals/sigmod/ArenasKKKMM03,945733
conf/vldb/PappasC00,671850
journals/sigmod/Bestavros96,381860
conf/sigmod/DuSD95,223846
journals/tods/BrightHP94,176569
conf/sigmod/PapakonstantinouV99,304222
journals/vldb/IvesHW02,764206
journals/sigmod/Aberer02b,601864
conf/sigmod/PhanN02,564783
conf/vldb/Vieille98,671336
conf/sigmod/LivnyRBCDLMW97,253335
conf/vldb/GantiLR00,672017
journals/vldb/FernandezFLS00,765222
conf/sigmod/LaursenOP94,191933
conf/sigmod/GraySEBW94,191886
conf/vldb/ChenRS95,673007
conf/sigmod/CuiOTS03,872815
journals/sigmod/Kuijpers02,601866
conf/vldb/AnciauxBBPV01,758381
journals/tods/FranklinCL97,261125
conf/sigmod/CluetDSS98,276321
conf/vldb/CarinoJ98,671030
conf/vldb/CasatiS00,671694
journals/sigmod/KramerNKRLKLZ97,248607
journals/sigmod/Aberer02c,637424
conf/sigmod/DarEGP98,671325
journals/sigmod/TatarinovIMHSDDKMM03,945732
journals/sigmod/Aberer03c,641004
journals/tods/Bohm00,357776
conf/sigmod/TatarinovVBSSZ02,564715
journals/tods/SalemGS94,174639
journals/sigmod/PissinouSEMOPSTD94,181557
conf/sigmod/KemperMPS94,191906
conf/vldb/AbrolLMMMRTWZ01,672355
journals/sigmod/Keim96,245896
journals/sigmod/Bertram94,190631
journals/sigmod/Winslett02a,507357
journals/vldb/ChakrabartiGRS01,767147
conf/sigmod/LoR94,191881
conf/vldb/RaghavanG01,672025
conf/sigmod/PadmanabhanBMCH03,872835
journals/tods/YanG99,331992
conf/vldb/MohaniaS94,672987
conf/sigmod/KoudasS03,872871
journals/tods/MumickFPR96,227624
journals/tods/LakshmananSS01,503102
journals/sigmod/RamDD99,333613
conf/vldb/SteenhagenABB94,672819
journals/sigmod/Aberer03b,641004
journals/sigmod/Aberer03c,959078
conf/vldb/GarciaLL98,671188
journals/sigmod/KeetonPH98,290602
journals/sigmod/Winslett02a,565127
conf/sigmod/Jhingran00,369287
journals/sigmod/MeltonE01,604280
conf/sigmod/SeshadriHPLRSSS96,233360
conf/vldb/Brodie00,671861
conf/vldb/BaralisPT97,671019
conf/sigmod/Ozsu99,304228
conf/sigmod/Aggarwal03,872826
journals/vldb/AntoshenkovZ96,765852
conf/vldb/DillKMRST01,672181
conf/vldb/BrodieC99,671492
conf/sigmod/BrinkhoffKSS94a,191988
journals/sigmod/ChakravarthyAEFO03,641006
journals/vldb/AtkinsonM95,615226
conf/vldb/ChaudhuriS94,672834
journals/tods/OliverS94,174640
journals/sigmod/BallMRZ02,507350
conf/sigmod/JaedickeM98,276338
conf/sigmod/HarinarayanRU96,233333
journals/tods/GraefeC95,210202
journals/sigmod/ConradEHRSSSV97,271089
journals/sigmod/GamacheS95,212016
journals/sigmod/BohmR94,190646
conf/sigmod/Galindo-Legaria94,191908
conf/sigmod/ZadorozhnyRVUB02,564702
journals/tods/TaoSP03,958943
conf/sigmod/ChoSG00,335429
conf/vldb/AgrawalLSS95,673155
journals/sigmod/HummerLW02,507345
journals/sigmod/Aberer03b,959078
conf/sigmod/BrinkhoffKSS94a,191880
journals/vldb/MecellaP01,767134
journals/vldb/MuckP97,765565
journals/sigmod/AbererCDDHPS03,945729
journals/tods/FukudaMMT01,383893
conf/vldb/Bhashyam96,245908
journals/tods/Chen95,202110
journals/sigmod/KannanKIK03,959071
journals/sigmod/PoessF00,369291
journals/sigmod/RossGN03,641001
conf/sigmod/PiatkoYLS96,280352
conf/vldb/DarmontS99,671361
journals/sigmod/AilamakiFFSV03,959069
conf/sigmod/Atkinson95,223874
conf/vldb/BunkerCCMMW01,672182
journals/sigmod/SayginVC01,604271
journals/vldb/PapazogluK97,765560
conf/sigmod/Shyy95,223866
journals/sigmod/Cetintemel01,604284
conf/vldb/NaumannLF99,671356
conf/vldb/ZirintsisKM99,758374
conf/vldb/BohannonLRSSS97,671017
conf/sigmod/FegarasSRM00,335494
journals/sigmod/GruenwaldBDGSSV99,333616
conf/sigmod/KangN03,872783
conf/vldb/JagadishKMPSS98,671191
journals/sigmod/Fagin02,565143
journals/vldb/PoulovassilisS96,765691
conf/vldb/KalusD95,673315
conf/vldb/ShaferAM96,673491
conf/vldb/StaudtJ96,673479
conf/vldb/Greco98,671344
journals/tods/Kuo96,236712
journals/sigmod/BaaderJN97,274461
journals/sigmod/Group94,187439
conf/vldb/Leymann01,757417
journals/tods/CiacciaP02,582412
conf/sigmod/GingrasLSPS97,253397
conf/vldb/Levy96,673332
conf/vldb/LabioG96,673477
conf/sigmod/MorpainCFP96,233362
journals/sigmod/TaninBS96,245891
conf/vldb/Chiueh94,672825
conf/vldb/PereiraFJLS01,672195
journals/tods/DyresonS98,288087
conf/vldb/CooperSFHS01,672202
conf/sigmod/BarclaySG00,335424
journals/sigmod/LaenderRST02,565137
journals/sigmod/AshishK97,271078
conf/sigmod/AcharyaPR99,304184
conf/vldb/AdiBEY00,671839
conf/sigmod/VitterW99,304199
conf/sigmod/GoldmanW00,335422
conf/sigmod/BilirisP94,191983
journals/sigmod/Eisenberg96,245907
conf/vldb/AcharyaGP99,671347
conf/sigmod/LabioWGG00,335379
conf/sigmod/MassariPSC95,223890
journals/tods/MamoulisP01,503101
journals/sigmod/ConradHHKRSS99,333608
conf/vldb/TsurAADKW01,672353
conf/sigmod/AcharyaFZ97,253293
journals/sigmod/HuangKL02,601863
conf/sigmod/RamaswamyK95,223809
journals/tods/Chen95a,211416
journals/sigmod/SmithO99,309878
journals/vldb/AlbanoGO95,615227
conf/sigmod/DasGR03,872765
conf/sigmod/BerchtoldBBKK97,253263
conf/vldb/MaratheS97,671002
conf/sigmod/HeC03,872784
conf/sigmod/DavulcuFKR99,304225
journals/sigmod/RossAJS02,507364
conf/sigmod/HellersteinHW97,253291
conf/sigmod/GorelikWD94,191932
journals/sigmod/AilamakiG03,777004
conf/vldb/KumarRRT99,671512
conf/vldb/Suciu96,673488
conf/sigmod/MaheshwariL97,253338
conf/sigmod/Bierman03,872807
journals/tods/Galindo-LegariaR97,244812
conf/vldb/SeegerBBKSDS01,672371
journals/vldb/RoySSSA98,765534
conf/sigmod/ShenoyHSBBS00,335376
journals/vldb/TorpJS00,764220
conf/vldb/Kleewein96,673472
conf/vldb/GyssensL97,673639
journals/vldb/KnorrNT00,764218
conf/vldb/BerckenS01,672197
journals/vldb/ChakrabartiGRS01,672356
journals/sigmod/JacobS99,344857
conf/sigmod/HanPLJ01,375786
journals/vldb/MehrotraKS97,765553
conf/sigmod/Fegaras98,276310
journals/sigmod/BhargavaAP95,219746
journals/sigmod/PalpanasPKG03,959074
journals/sigmod/ShethMKA01,604286
conf/sigmod/ChanI99,671365
conf/vldb/MadhavanBR01,672191
journals/sigmod/GottlobKP03a,640992
conf/sigmod/LiskovACDGGMMS96,233346
conf/vldb/PacittMS99,671521
conf/sigmod/LacroixSC98,276385
journals/sigmod/Jhingran00,369287
journals/vldb/ClaussenKKW00,765236
conf/vldb/Moni96,673335
journals/tods/ZaharioudakisCF97,278249
conf/sigmod/GuhaRS98,276312
conf/sigmod/AdyaGLM95,223787
conf/vldb/RiedelGF98,671345
journals/sigmod/LinP96,381878
journals/sigmod/OoiST03,945734
journals/sigmod/Suciu02,507360
journals/sigmod/PitouraAPSV03,945737
conf/sigmod/ChenRW02,564771
journals/sigmod/RossKMV02,601875
conf/sigmod/GuptaLM03,872869
conf/vldb/Gupta96,673324
journals/sigmod/CuiJO02,507347
journals/tods/KonopnickiS98,277639
conf/sigmod/LarsonG03,872848
conf/vldb/LabrinidisR01,672362
conf/sigmod/GuhaJKSY02,564725
conf/sigmod/Cohen98a,276380
journals/sigmod/Baeza-YatesN96,381890
journals/sigmod/Vassilakis00,344803
journals/sigmod/CiliaB02,507344
journals/vldb/FungKL03,950490
conf/sigmod/CookKWZ96,233354
journals/sigmod/Winslett02b,565127
conf/vldb/JermaineDO99,671517
conf/vldb/Lindsay95,673161
conf/vldb/CarinoO98,671031
conf/sigmod/LakshmananPZ03,872768
conf/sigmod/Han96,280351
journals/sigmod/Colliat96,234901
conf/vldb/KornackerB95,673305
journals/sigmod/ChristoffelPSL98,306133
conf/vldb/KoschBBHHLRT01,672354
conf/sigmod/OConnellISWABCCLPWW96,280357
conf/vldb/KemperK94,672977
journals/sigmod/AbiteboulH95,211994
journals/tods/BaralisCP96,227605
journals/vldb/TanGO00,765240
journals/sigmod/BonifatiC00,362140
conf/sigmod/IvesLPST00,335492
conf/vldb/DattaRT99,671352
conf/sigmod/LahiriJJC98,276366
conf/vldb/BonczMK99,671364
journals/sigmod/Aberer02c,507353
conf/sigmod/GarofalakisG02,564746
journals/sigmod/CeriFP99,310064
conf/sigmod/RiedelFGN00,335375
conf/vldb/LuL00,671686
conf/sigmod/KementsietsidisAM03,872798
conf/sigmod/ChenR94,191874
journals/sigmod/Snodgrass03b,945723
journals/vldb/PapazogluK97a,765560
journals/sigmod/Ahlberg96,245893
conf/sigmod/MelnikRB03,872782
journals/vldb/RamanRH00,765239
conf/vldb/StathatosRB97,673653
journals/sigmod/Winslett02b,637427
journals/vldb/MehtaD97,765547
conf/sigmod/HanFHCC94,191979
conf/vldb/MaedaT01,672378
journals/sigmod/Camps96,234890
journals/sigmod/Hellerstein03,945730
conf/vldb/HasanM94,672835
conf/sigmod/Adelberg98,276330
conf/sigmod/Jhingran00,335469
conf/sigmod/Ross00,335457
journals/sigmod/HansonN99,344839
conf/vldb/BaumannDFRW99,671513
journals/tods/Snodgrass01,505055
conf/vldb/GaasterlandL94,672837
conf/sigmod/AggarwalY01,375668
journals/sigmod/JaegerF95,202669
journals/sigmod/Kim02,507346
conf/sigmod/RodriguezR00,335413
journals/tods/TaoP03,777944
conf/sigmod/CrescenziMM02,564778
conf/vldb/Baru96,758366
journals/sigmod/Snodgrass03b,959062
conf/vldb/Moerkotte98,671173
journals/sigmod/Halevy03,945724
journals/vldb/HarrisR96,765755
journals/sigmod/RossCGLLM01,604262
conf/vldb/KietzRS97,671001
conf/sigmod/PengC03,872810
conf/sigmod/ShivakumarG97,253349
conf/sigmod/SubramanianV98,276333
conf/vldb/LinR98,671033
conf/vldb/CabreraRH95,673308
journals/tods/BellNNS96,232691
journals/sigmod/Winslett02,565127
conf/vldb/NgH94,672827
conf/vldb/Mohan02,564796
journals/sigmod/BertinoEH01,373684
journals/sigmod/JukicV97,262767
conf/sigmod/JoshiA01,375673
journals/tods/FraternaliT95,219042
journals/sigmod/RossIJP00,602302
conf/sigmod/Aulakh98,276367
journals/sigmod/KennedyMB96,245888
conf/sigmod/OlstonJW03,872825
conf/vldb/Bowker00,671871
conf/sigmod/ChaudhuriG96,233323
conf/vldb/McHughW99,671349
conf/vldb/BaumgartnerFG01a,672189
conf/sigmod/Galindo-LegariaJ01,375748
journals/sigmod/KarlapalemLS95,202663
journals/sigmod/FininJ02,637416
conf/vldb/ChoenniV00,672008
conf/sigmod/FlorescuGKR02,564779
conf/sigmod/AbadiC02,564770
conf/sigmod/Gettys95,223860
journals/sigmod/Datta94,187442
journals/sigmod/ShanmugasundaramSKKVNT01,603871
journals/tods/KossmannFDA00,377677
journals/vldb/AtluriJY03,950482
journals/sigmod/BunemanRU97,248612
journals/tods/CliffordC94,174642
journals/sigmod/Aggarwal01,373638
conf/vldb/Gawlick96,673334
conf/sigmod/AltinelLKMPLWB02,564765
conf/sigmod/MatiasVW98,276344
conf/vldb/JagadishKNS99,671501
journals/sigmod/Winslett02,637427
journals/sigmod/ChengP03,959068
journals/vldb/HarderR96,765805
conf/sigmod/DasuJMS02,564719
conf/sigmod/HuangSW94,191845
journals/sigmod/Aberer02c,601865
conf/vldb/LudasaherGM00,671864
conf/vldb/AltinelF00,671841
journals/vldb/AmielBDS96,765692
journals/vldb/HalkidiNVV03,953242
journals/sigmod/ShinM94,190633
conf/sigmod/Gibson95,223884
conf/sigmod/ArefBV95,223811
conf/sigmod/Ullman03,872759
conf/vldb/Dayal99,671502
conf/sigmod/MaddenH02,564776
journals/vldb/HansonCDERTX98,765521
conf/sigmod/ClossmanSHKPB98,276352
conf/sigmod/WhiteD95,223814
journals/vldb/KellerB96,765753
conf/sigmod/RundensteinerKRCJM96,280361
conf/vldb/CeriFP99,671524
conf/sigmod/Nori00,335474
journals/sigmod/RossAA02,601875
conf/vldb/Hammond96,673473
conf/vldb/MignetMAC01,672205
conf/sigmod/Bussler01,375810
conf/sigmod/RinfretOO01,375669
journals/vldb/FiletoLPAM03,953244
conf/vldb/SeligmanBNSW95,673303
conf/vldb/Huyn01,672037
conf/vldb/BasuFP00,671865
journals/vldb/MirbelPSTV00,765230
journals/vldb/VaghaniRKSSLH94,615197
conf/sigmod/BohannonDGKLNS03,872863
journals/sigmod/VassiliadisS99,344869
conf/sigmod/Carey00,671700
journals/sigmod/DAndreaJ96,234902
journals/sigmod/PourabbasR02,565121
conf/sigmod/BouguettayaBH99,304589
journals/tods/EiterGM97,261126
journals/sigmod/CheungF98,290596
conf/vldb/RamakrishnanR96,673333
journals/sigmod/Jhingran00,335469
conf/sigmod/Edelstein95,223868
conf/sigmod/NazeriBO01,375743
journals/sigmod/Qian96a,234903
conf/sigmod/Spiro98,276359
conf/sigmod/GangulyGMS96,233340
journals/vldb/ChanFGR02,764205
journals/sigmod/GerlhofKM96,234893
journals/sigmod/Darwen96,245886
conf/sigmod/Dietterich94,191931
journals/sigmod/FrankGGJKLMNPSSSTW99,333609
conf/sigmod/NgLHP98,276307
journals/tods/WolfsonJH97,249982
conf/sigmod/CohenM03,872787
journals/tods/HsuSY01,383737
journals/tods/CaldersNW02,581752
journals/tods/Jagadish95,202113
conf/sigmod/GarofalakisI96,233352
conf/sigmod/ChungMS02,564706
journals/sigmod/RamamrithamSSTX96,381868
conf/sigmod/ChristophidesACS94,191901
conf/vldb/AnkerstBKS98,671198
conf/sigmod/ChenJDTW00,335432
conf/sigmod/DanielsDDEHJJLSSS94,191930
conf/sigmod/Kohler99,304241
conf/sigmod/Mamoulis03,872778
conf/sigmod/OConnellISWABCCLPWW96,233321
conf/sigmod/Ramanan02,564726
conf/sigmod/AntonJLPZZ02,564762
journals/sigmod/Qian96b,381901
conf/sigmod/IoannidisL94,191870
journals/vldb/PapazogluK97,765549
conf/sigmod/Keim96,280349
conf/vldb/BamfordBKM98,671023
journals/sigmod/ChrysanthisSZ03,959085
conf/vldb/DiaoLCT00,336560
conf/sigmod/RoussopoulosKR97,253276
conf/sigmod/BrunoC02,564722
journals/sigmod/Aberer03,776994
conf/sigmod/VriesMNK02,564729
journals/tods/Chomicki03,958946
conf/vldb/YangG01,672193
conf/vldb/DeenJNNW00,671702
journals/sigmod/Aberer02a,565129
journals/vldb/AbbadiSW01,767142
journals/sigmod/Chaudhri95,202668
conf/sigmod/FernandezFKLS98,276341
journals/sigmod/Aberer03,945727
conf/sigmod/Greer99,304242
journals/sigmod/JainH94,190638
conf/vldb/JagadishLS99,671666
journals/sigmod/BertinoEH03,640995
journals/vldb/OoiHLT96,765806
conf/sigmod/CherniackZ98,276311
conf/sigmod/GeorgeH97,253362
conf/sigmod/BergstraesserBPS99,304248
conf/vldb/ChawatheCY94,672822
journals/sigmod/ErdurD02,507349
conf/vldb/Mohan01,672360
conf/sigmod/MaddenFHH03,872817
conf/sigmod/Gal00,335479
conf/vldb/HanF95,673134
conf/vldb/NgY94,672828
conf/vldb/BratsbergH01,672348
conf/sigmod/BerchtoldK98,276353
conf/sigmod/TsueiPK97,253279
conf/vldb/GilbertKMS01,672174
journals/vldb/LaurentLSV01,767152
conf/sigmod/BreunigKNS00,335388
conf/vldb/Orenstein98,671178
conf/sigmod/Norrie95,223883
journals/tods/DekhtyarRS01,383736
journals/sigmod/JensenCEGHJ94,181560
conf/sigmod/MankuRL99,304204
conf/sigmod/ShashaB02,564799
conf/sigmod/MumickQM97,253277
conf/vldb/ChaudhuriS01,672044
journals/vldb/ScheuermannWZ98,765523
journals/vldb/ChakrabartiDAR98,765533
conf/sigmod/AggarwalWY99,304218
conf/vldb/Cuppens96,673637
conf/vldb/GarofalakisG01,767147
journals/sigmod/RashidS00,369281
conf/sigmod/BeyerR99,304214
journals/sigmod/ReichB98,306115
conf/vldb/KumarKA97,671009
conf/vldb/BrownMCL94,673005
conf/vldb/AbiteboulACEMM99,671664
conf/sigmod/JosifovskiSHL02,564751
conf/sigmod/QuassW97,253352
journals/tods/GutingBEJLSV00,352963
journals/sigmod/RossHLW01,604262
journals/sigmod/Winslett02a,601871
conf/vldb/LevySSZ94,672972
conf/sigmod/Team95,223857
journals/vldb/Atkinson00,765219
conf/sigmod/ZhouWGGZWXYF03,872860
journals/tods/ChoG03,958945
conf/vldb/AtzeniMM97,671014
journals/sigmod/Winslett02b,565126
journals/vldb/KamelWS94,615188
conf/sigmod/ViglasN02,564697
conf/sigmod/LivnyRBCDLMW97,253379
conf/vldb/ChaudhuriGS95,673312
conf/sigmod/JagadishLMSV99,304194
conf/vldb/CarinoOBS99,671525
journals/vldb/PacittiS00,764222
journals/vldb/MaratheS02,767098
conf/vldb/EsterKSWX98,671201
conf/sigmod/ColbyKLMR97,253353
conf/vldb/CeriCW00,671876
journals/tods/ShashaLSV95,211427
journals/vldb/PapadiasS94,615209
conf/vldb/CareyKRLABFLOPQRSSUVWY01,672199
journals/vldb/AbiteboulB95,615234
conf/sigmod/ChaudhuriN98a,276378
journals/sigmod/Barbara01,604266
journals/sigmod/RossHKRRSS01,603882
journals/sigmod/Aberer02c,507352
conf/sigmod/SeshadriP97,253408
conf/vldb/PirotteZMY94,672997
journals/sigmod/Seshadri98,273251
conf/sigmod/Golding95,223865
conf/sigmod/LometW98,276345
conf/sigmod/Bampahl95,223870
conf/sigmod/GehrkeKS01,375665
journals/vldb/HuangDT99,765517
conf/vldb/ShashaB02,564798
conf/sigmod/Team95a,223898
conf/vldb/YangKL97,673657
conf/sigmod/GangulyGR03,872790
conf/sigmod/HinneburgKW02,564784
journals/sigmod/AbelTK97,248605
conf/vldb/BargaP95,673298
conf/vldb/CasatiDGS01,672190
journals/sigmod/ClementiniF00,362101
conf/sigmod/ChawatheRGW96,233366
journals/sigmod/Aberer02,565129
conf/vldb/Wadler01,672033
journals/sigmod/ShethM02,637430
conf/sigmod/Blakeley96,233329
journals/vldb/CliftonGB95,615214
conf/sigmod/LiuHBPT99,304570
conf/vldb/LeeL96,673331
journals/sigmod/Lee95,212008
journals/sigmod/BoulosO99,333610
journals/vldb/FengYLH02,767131
conf/vldb/ZemankovaI94,672998
conf/sigmod/DewanSHH94,191893
journals/sigmod/Aberer02b,507353
conf/vldb/HinneburgAK00,671675
conf/sigmod/ZhugeGHW95,223848
conf/sigmod/FranklinZ98,276360
journals/tods/BrunoCG02,568519
conf/sigmod/FranklinJK96,233328
conf/vldb/Kornacker99,671358
journals/sigmod/Suciu97,271077
conf/sigmod/HanPY00,335372
conf/vldb/Chawathe99,671669
journals/sigmod/MeltonMJKS02,601877
conf/vldb/OoiGT98,671029
journals/sigmod/David03,640996
journals/tods/Alagic99,328943
conf/sigmod/BabcockCD03,872822
conf/sigmod/BilirisFOP96,280362
journals/sigmod/CareyS99,310071
conf/sigmod/MeccaAMMS98,276375
journals/tods/KorthS94,185854
conf/sigmod/WangWYY02,564737
conf/sigmod/AdamY98,276350
journals/sigmod/AndersonS94,190642
journals/sigmod/SlivinskasJS02,565119
journals/vldb/DanYC95,615216
conf/vldb/BrinkhoffK94,672841
journals/sigmod/Jarke95,202671
journals/sigmod/ChienTZ01,603875
conf/sigmod/ReissK03,872804
conf/sigmod/GillmannWW02,564718
journals/vldb/BraumandlKKKKSS01,767137
conf/sigmod/Chan98,276362
conf/sigmod/Stonebraker98,276348
conf/vldb/RamakrishnanGRSWZ95,756661
conf/vldb/Galindo-LegariaPK94,672975
conf/vldb/Mattos96,673467
conf/sigmod/BohrerBBCFHKKMNRRSUUW97a,253401
conf/vldb/GravanoIJKMS01,672200
conf/vldb/BlokWZPAKJ01,672179
conf/vldb/GallersdorferN95,673130
conf/vldb/XieH94,672963
journals/tods/LechtenborgerV03,777946
journals/sigmod/Winslett03,640999
conf/vldb/ChristopheBPV00,758380
conf/sigmod/AdelbergD99,304576
journals/sigmod/MeltonMJKSZ01,373709
journals/vldb/WangW01,765508
conf/sigmod/AbiteboulBCMM03,872821
journals/sigmod/Snodgrass02,507369
journals/sigmod/Goethals02,565132
conf/vldb/McKennaBHT96,673476
conf/sigmod/CranorGJSS02,564777
conf/sigmod/BonnetBCCCHKMMOSS99,304583
journals/sigmod/BunemanRU97,248611
journals/sigmod/NorrieBSW94,181567
conf/sigmod/GrayHOS96,233330
journals/sigmod/Roussopoulos98,273253
conf/sigmod/Team02,564761
conf/vldb/Guting94,672980
conf/vldb/AndreiV01,672357
journals/sigmod/EisenbergM99,310075
journals/sigmod/Winslett94,181569
conf/vldb/IshikawaSF98,671331
journals/sigmod/Snodgrass03,959062
journals/sigmod/FifeG03,776991
conf/sigmod/TaoP02,564730
journals/sigmod/Richey95,212024
conf/sigmod/Mohan01,672360
conf/vldb/HasanM95,673143
conf/sigmod/DeolaseeKPRS01,375752
conf/vldb/RossS97,670993
conf/sigmod/SimmenSM96,233320
conf/vldb/SumiyaYTSI95,673141
journals/sigmod/CoxEH96,245901
conf/sigmod/BabuGR01,375693
conf/vldb/DeutschPT99,756643
conf/vldb/ChakrabartiM00,671852
conf/sigmod/AdelbergGK95,223842
journals/vldb/SteinbrunnMK97,765556
conf/sigmod/HillyerS96,233332
conf/sigmod/KanthRA02,564755
journals/sigmod/Finkelstein95,219777
conf/sigmod/DattaDRTV01,375780
conf/vldb/RaoR99,671362
conf/vldb/Ganguly98,671329
conf/sigmod/BozkayaO97,253345
conf/vldb/Mohan96,673631
conf/sigmod/ChoG00,335391
conf/vldb/Tsur00,671840
journals/vldb/AtluriJY03,953239
conf/vldb/StohrR01,672208
conf/vldb/Sarawagi99,671500
journals/sigmod/BernsteinBCDFGGHHJLMNPSU98,306137
conf/sigmod/WhiteCF98,276355
conf/vldb/LeeL99,671354
conf/vldb/Sacks-Davis96,673486
journals/vldb/AgrawalHK03,950487
conf/sigmod/CherniackZ96,233356
conf/sigmod/YangWYH02,564738
journals/sigmod/OrlandicLS02,565120
conf/sigmod/LuMSS95,223850
conf/sigmod/StoltePAG03,872800
conf/vldb/FrohnLU94,672988
journals/tods/BaralisW00,363954
conf/vldb/LaneEN00,671857
conf/sigmod/JagadishKS00,335434
journals/vldb/JiangE98,765538
journals/sigmod/KennedyMB96,245890
conf/sigmod/KatayamaS97,253347
journals/tods/CliffordDIJS97,249980
journals/tods/DeySB99,331984
journals/sigmod/GolabO03,776986
conf/vldb/HelalL00,671869
journals/sigmod/Rosneblatt94,190649
conf/sigmod/GodfreySE98,276339
journals/vldb/Baumann94,615207
conf/vldb/HelmerWM98,671197
journals/sigmod/Winslett02a,507358
journals/vldb/SinghalS97,765546
conf/sigmod/MumickP94,191860
conf/vldb/SellisRF97,673658
conf/sigmod/ZaharioudakisC97,253269
conf/sigmod/ShintaniK98,276308
conf/vldb/JonscherD94,672978
conf/vldb/DongHLPW01,672176
conf/vldb/HuntAI01,672030
journals/sigmod/Badia02,637425
conf/sigmod/HammerGNYBV97,253395
journals/sigmod/Sidell96,245906
conf/sigmod/BornhovdAKMPR03,872849
conf/sigmod/Sahuguet01,375757
conf/vldb/ShethKMWDLPLS96,673468
journals/sigmod/HalkidiBV02a,601862
journals/vldb/MedjahedBBNE03,775457
conf/vldb/AlsabtiRS97,673650
conf/vldb/RamamrithamABEGP00,672007
conf/sigmod/GarofalakisRRS99,304227
conf/sigmod/BaruFGHJPW95,223876
conf/sigmod/KornM00,335415
journals/sigmod/Aberer02c,565128
journals/sigmod/ChongFTSYKDJJ03,777000
journals/sigmod/FengJH01,373691
journals/vldb/IoannidisNSS97,765552
conf/vldb/MorimotoFMTY98,671186
conf/sigmod/SchleimerWA03,872770
conf/sigmod/AnkerstBKS99,304187
journals/sigmod/Aberer02a,565128
conf/vldb/BonczRK98,671171
journals/sigmod/ChaudhuriD97,248616
conf/sigmod/LibkinMW96,233335
journals/sigmod/FlorescuLM98,290605
journals/tods/KotidisR01,503100
conf/sigmod/SwamiS94,191877
journals/sigmod/BergamaschiCV99,309897
conf/sigmod/ChaudhuriGN02,564747
conf/vldb/LitwinNS94,672842
conf/vldb/AgrawalPWZ95,673157
journals/sigmod/Aberer01a,604274
journals/tods/Chen95,211416
conf/sigmod/KeoghCMP01,375680
conf/sigmod/OrdonezC00,335468
journals/sigmod/LawderK01,373678
conf/sigmod/ONeilQ97,253268
journals/sigmod/Aberer02b,565129
conf/sigmod/GrumbachRS98,276324
conf/sigmod/WolfsonSXZC99,304572
conf/sigmod/NybergBCGL94,191884
conf/vldb/Nori00,671698
conf/vldb/AshwinRSSS97,673645
journals/sigmod/Winslett02,601871
conf/sigmod/Brewer98,276372
conf/vldb/OzdenBRS94,672984
journals/vldb/BraumandlCKK00,764214
conf/sigmod/BressanGOT00,336587
conf/sigmod/WilschutFA95,223803
journals/sigmod/Lomet01,603878
conf/vldb/ZhangL97,671006
conf/vldb/Duranti01,672214
journals/vldb/Sciore94,615189
conf/vldb/ChengGKLLQS99,671357
journals/sigmod/RossKMV02,507364
journals/tods/KossmannS00,352982
conf/sigmod/Dyreson03,872779
conf/vldb/VorugantiOU99,671363
journals/sigmod/DarwenD95,202667
conf/sigmod/BohmA96,280353
journals/sigmod/Aberer03,641004
journals/sigmod/CampbellEM03,777002
journals/vldb/NguSHL01,765504
conf/vldb/TamuraK99,671495
journals/tods/BaekgaardM95,210198
journals/sigmod/NobleS95,219730
conf/vldb/MorishimaKKT01,672187
conf/vldb/Tygar98,671343
journals/sigmod/KuoM96,381873
conf/vldb/RahmM95,673163
journals/vldb/AilamakiDH02,641271
conf/sigmod/HsiaoCY94,191879
conf/sigmod/Bayardo98,276313
conf/vldb/ZouS98,671182
conf/sigmod/GionisGK01,375689
journals/sigmod/Winslett02a,601870
conf/sigmod/ZhangNBB94,191850
conf/vldb/Slutz98,671199
conf/sigmod/MoonWH02,564735
conf/sigmod/JarkeQCLFLVV00,336570
conf/sigmod/WhiteD94,191919
journals/sigmod/SchmidtWKFCMB01,603872
journals/sigmod/LudascherMM01,603876
conf/sigmod/BohrerBBCFHKKMNRRSUUW97,253294
conf/sigmod/OoiTZGLLLNSWZ03,872845
journals/sigmod/Ioannidis96,245888
journals/sigmod/Aberer03,959078
journals/sigmod/RafanelliBT96,245887
conf/sigmod/KornackerMH97,253272
conf/vldb/Celis96,673471
conf/sigmod/DeshpandeNGS03,872818
conf/sigmod/KornJF97,253332
conf/sigmod/Hammond99,304243
conf/vldb/MuthOPW98,671026
journals/vldb/EvangelidisS97,765544
conf/vldb/ShanmugasundaramSBCLPR00,671862
conf/vldb/HuangJR97,670996
conf/sigmod/Cattell94,191937
conf/vldb/GravanoG95,673294
conf/vldb/Sullivan96,673489
conf/sigmod/LometT03,872806
conf/sigmod/LeeKOTM00,335416
conf/vldb/AgrawalS94,672836
journals/tods/AndriesCPB01,383735
conf/vldb/SrivastavaDJL96,673627
journals/sigmod/CaleroPR03,776992
conf/vldb/HaasNSS95,673295
conf/sigmod/AvnurHLORRRW98,276383
journals/sigmod/Chaudhri98,273247
conf/sigmod/GibbonsM98,276334
journals/sigmod/Keim96,245890
conf/sigmod/MattosM95,223881
conf/sigmod/PapakonstantinouPV02,564714
journals/sigmod/RossFLOSSVW00,602302
conf/vldb/PoulovassilisS94,672965
conf/sigmod/RajagopalanML98,276342
journals/sigmod/CaplinskasEV02,507367
journals/sigmod/SnodgrassHMOPRRWY98,290599
conf/vldb/ChaHKK01,672375
conf/vldb/ChangG97,671022
conf/vldb/ShanmugasundaramSBCLPR00,671695
conf/vldb/Toivonen96,673325
journals/sigmod/Jannink95,202666
journals/sigmod/Weikum02,601867
journals/sigmod/Kemper02,507354
journals/vldb/MuthOPW00,764216
journals/vldb/MylopoulosCPST96,765853
conf/vldb/Graefe99,671528
conf/vldb/ChakrabartiSST00,758378
conf/vldb/RamanRH99,671663
conf/sigmod/HanWDPW02,564781
journals/vldb/DesslochHMMT98,765526
journals/vldb/PottingerH01,767146
journals/sigmod/Nascimento03,776996
journals/sigmod/ChenHKPW94,190646
conf/vldb/ShuklaDN98,671189
journals/sigmod/Yang94,181554
conf/vldb/Schek00,671861
journals/vldb/CandanLS00,765231
conf/sigmod/RundensteinerKZWLLN99,304574
conf/vldb/Hamilton99,671508
journals/vldb/ShethTP03,775454
conf/vldb/Suciu96a,673629
conf/sigmod/GrossmanHQ95,223901
journals/vldb/RahmB01,767154
journals/tods/WandSW99,331989
journals/sigmod/SouzaS99,310063
journals/vldb/LeeW94,615200
conf/sigmod/WangCMSSZ94,191863
conf/sigmod/GehrkeGRL99,304197
conf/vldb/SarawagiS96,673632
journals/vldb/BohmAnY97,765564
conf/sigmod/SrikantA96,233311
journals/sigmod/BhargavaAP95,219737
journals/vldb/DerrMP94,615194
conf/vldb/DattaDTVRF01,672364
journals/vldb/ConstantopoulosJMV95,615213
conf/sigmod/CorralMTV00,335414
conf/sigmod/BrunoCG01,375686
conf/sigmod/DogacAEOADAOS94,197137
conf/sigmod/HaasH01,375800
journals/tods/Keen97,244811
conf/sigmod/Fernandez94,191947
journals/vldb/Atkinson00,765234
conf/sigmod/Team95c,223858
conf/vldb/BliujuteJSS98,671339
journals/sigmod/BusslerFM02,637415
journals/tods/LeveneL99,310712
journals/sigmod/Lomet98,290598
conf/sigmod/MayrS99,304213
conf/sigmod/NaumanS98,276369
conf/sigmod/Cohen98,276323
journals/vldb/ChidlovskiiB00,765220
conf/vldb/LevyRO96,673469
conf/sigmod/ReveszCKLLW00,336590
conf/vldb/Ladin00,671856
journals/tods/BozkayaO99,328959
conf/sigmod/Kulkarni94,191935
journals/sigmod/RossAA02,507364
conf/vldb/SteinbrunnPMK95,673167
conf/vldb/SakuraiYKU01,672024
conf/vldb/Padmanabhan96,673329
journals/vldb/KieslingSSD94,615196
conf/vldb/GingrasL98,671161
conf/vldb/IoannidisLGP96,673496
journals/sigmod/Hanna95,202664
journals/sigmod/Rosenthal98,273270
conf/vldb/Mihalisin98,671176
journals/vldb/AnGSVKI02,641270
journals/sigmod/Winslett02,507358
journals/vldb/FahlR97,765562
conf/sigmod/KoudasS97,253340
journals/sigmod/EisenbergM00,344819
conf/vldb/JohnsonM98,671327
conf/sigmod/BunemanDHS96,233368
conf/sigmod/DreyerDS95,223902
journals/tods/YanG94,176573
conf/vldb/BernsteinD94,672992
journals/vldb/Han98,765520
conf/vldb/SripadaW94,672983
conf/sigmod/DarR94,191928
conf/vldb/ArunJ98,758370
conf/vldb/ChatziantoniouR96,673628
journals/sigmod/YeungHL94,187447
conf/sigmod/GardarinMP95,223791
conf/sigmod/GebhardtJJ97,253344
conf/sigmod/LiuPTBBZBHY98,276376
journals/sigmod/VenkatraoP95,219763
conf/vldb/GoodmanRS94,672833
conf/sigmod/OlstonWACELSS98,276377
conf/sigmod/AdaliBSS98,276340
conf/sigmod/RundensteinerCLCZNJLW99,304579
journals/sigmod/Winslett02b,601870
conf/sigmod/Team95b,223899
journals/tods/KrishnakumarB94,195670
journals/tods/CasatiCPP99,328996
conf/sigmod/Ojjeh99,304245
journals/tods/JajodiaSSS01,383894
conf/vldb/Klots96,673483
conf/sigmod/LeeWMS01,375709
conf/sigmod/BreitbartKRSS99,304191
conf/vldb/GoldsteinR00,671849
conf/vldb/MillinerBP95,673144
journals/sigmod/Kosch02,565123
conf/sigmod/RaoR98,276309
journals/tods/FegarasM00,377676
journals/vldb/ShegalovGW01,767139
conf/vldb/ColletCS94,673003
conf/vldb/RamanH01,672045
conf/sigmod/DanS95,223853
journals/sigmod/Aberer03b,776993
journals/sigmod/GottlobKP03a,776988
conf/sigmod/AgrawalASY97,253355
conf/vldb/WienerN95,673168
journals/sigmod/BarclayBGS94,190647
journals/sigmod/Winslett03a,640998
conf/vldb/SundaraHCAS01,672361
conf/sigmod/KuhnTS94,191963
conf/sigmod/KotidisR98,276327
conf/sigmod/AgrawalS00,335438
conf/vldb/ScheuermannSV96,758367
conf/vldb/DonjerkovicR99,671510
conf/sigmod/Shasha97,253368
conf/vldb/BouguettayaEMO01,672201
conf/sigmod/BettiniWBJ95,223843
journals/sigmod/DogacDKOONEHAKKM95,212017
conf/sigmod/RafieiM97,253264
conf/vldb/KornSFSP96,673493
journals/tods/MayL02,582411
conf/sigmod/RundensteinerWYD02,564786
journals/sigmod/Cingil02,507342
conf/vldb/Kotidis01,672183
conf/vldb/BarjaPFWD94,672969
conf/sigmod/HristidisKP01,375690
conf/sigmod/OlstonWL01,375710
conf/sigmod/LahiriG01,375751
journals/sigmod/RoantreeS02,637435
conf/vldb/RoussopoulosK98,276327
conf/sigmod/FernandezFKLS97,253403
conf/vldb/VassalosP97,673662
conf/sigmod/LiefkeS00,344815
journals/sigmod/Snodgrass98a,390004
conf/sigmod/ConsensM94,191898
journals/tods/BohlenJS00,377665
conf/sigmod/HullZ96,233365
conf/sigmod/JarkeQBLMS99,304568
journals/sigmod/DogacAOD95,202662
journals/sigmod/Aberer01a,604273
conf/vldb/ManolescuFKXO00,671846
conf/vldb/FerrandinaMZ94,672991
journals/vldb/LiCHH01,765506
journals/sigmod/ShethM02,637412
journals/sigmod/Huyn01,603880
journals/sigmod/CruzKLSWY02,601882
conf/vldb/Raghavan96,673463
conf/vldb/LuSL95,758364
journals/sigmod/Aberer02b,565128
conf/sigmod/Chakravarthy97,253409
conf/sigmod/StonebrakerH01,375739
conf/vldb/RastogiS98,671183
journals/sigmod/Gunther97,248604
journals/sigmod/KuanL99,310065
journals/sigmod/Winslett02,601870
journals/vldb/ChanGR03,950484
journals/sigmod/Scholl01,604275
conf/sigmod/NguyenACP01,375723
conf/sigmod/ChaudhuriGGM03,872796
journals/sigmod/YaoG02,601861
conf/sigmod/MoleskyR95,223786
conf/vldb/GibbonsMP97,673669
journals/sigmod/Hammer02,565135
conf/sigmod/RothAHCCFSTW96,280363
journals/sigmod/Gaffney96,381899
conf/vldb/ManegoldBK00,672010
conf/sigmod/YanMHF01,375729
journals/sigmod/BarbaraBFLS94,187455
conf/vldb/JaedickeM99,671515
conf/sigmod/AggarwalY00,335383
conf/vldb/GardarinST96,673485
journals/sigmod/KimballS95,212023
conf/sigmod/BenediktCFFR03,872792
conf/sigmod/ForlizziGNS00,335426
conf/vldb/BaumannFRW97,673652
journals/vldb/Bertino94,615202
conf/vldb/Campbell99,671353
conf/vldb/GuPS00,756647
conf/sigmod/BuchmannDZH95,223889
journals/tods/DiaoAFZF03,958947
conf/vldb/DiaoLCT00,671678
journals/sigmod/Jagadish01,604276
journals/sigmod/Stacey95,219774
conf/vldb/CowleyP00,671837
conf/vldb/HumborstadSHT97,671000
conf/sigmod/SeidlK98,276319
journals/vldb/LinJF94,615210
journals/tods/CuiWW00,357777
journals/sigmod/BrunieK96,234895
conf/sigmod/GoyalHKMS96,233369
conf/sigmod/Aggarwal02,564743
conf/vldb/AbiteboulAAACHHMMMMSTV99,671497
journals/tods/Snodgrass01,505049
journals/sigmod/PapianiWDN99,333614
conf/vldb/BouganimCDDGS99,671518
conf/vldb/GoyalHSS95,673147
journals/sigmod/Chen94,187460
conf/vldb/CareyCNVDRSM99,671522
conf/sigmod/Kim94,181552
conf/sigmod/Hidber99,304195
journals/vldb/RamamohanaraoH94,615193
conf/sigmod/Brown99,304236
conf/vldb/DiligentiCLGG00,671854
conf/vldb/Hallmark95,673156
conf/vldb/HvasshovdTBH95,673136
conf/vldb/ClaussenKMP97,673649
conf/vldb/VeltriCV01,672192
journals/vldb/BerendtS00,765223
conf/sigmod/TrisoliniLN99,304569
conf/sigmod/Sheth95,223882
journals/sigmod/Gallagher94,181568
conf/sigmod/ChaudhuriGS03,872802
conf/sigmod/CeriFPP95,223886
conf/sigmod/NestorovAM98,276331
conf/sigmod/LehnerSPC00,335454
conf/sigmod/Chakrabarti99,304231
conf/sigmod/Ivinskis95,223862
conf/sigmod/KaushikBNK02,564707
conf/vldb/KoudasIM00,671699
conf/sigmod/RundensteinerCCSO00,335496
conf/vldb/HoelS94,672823
conf/sigmod/MaratheS99,304211
conf/vldb/RoussopoulosK98,671180
journals/sigmod/Kumar03,959064
journals/sigmod/Abiteboul99,344853
conf/vldb/WienerN94,672979
conf/vldb/OzsuLON01,672177
journals/vldb/CuiW03,775456
journals/sigmod/SantucciT96,245898
conf/sigmod/LiBKN03,872820
conf/sigmod/GriffinL95,223849
journals/sigmod/PapazoglouH99,309886
conf/vldb/KriegelPS00,671844
conf/sigmod/Jamil99,304192
conf/sigmod/GodfreyGXZ01,375749
conf/sigmod/LiGS02,564711
journals/vldb/DeyBS96,765803
conf/vldb/DiwanRSS96,673636
journals/sigmod/TanK03,959072
journals/vldb/WhiteD95,615238
conf/sigmod/GuptaHR97,253366
conf/sigmod/ZhuSZ03,872866
conf/vldb/NarayananS01,672213
journals/sigmod/Stonebraker02,507362
journals/vldb/HjaltasonS02,767129
conf/sigmod/DattaDTVSR02,564703
journals/vldb/Seshadri98,765531
conf/vldb/LuOT94,672832
journals/sigmod/BernsteinHP00,369289
conf/sigmod/Amer-YahiaFSX03,872852
journals/sigmod/DogacDATKCD98,306109
conf/sigmod/BrodskySCE99,304582
conf/sigmod/Englert94,191945
journals/sigmod/MaelbranckeO95,211999
conf/vldb/NipplM98,671337
journals/sigmod/RosenthalHRS97,248612
conf/sigmod/DeshpandeNGS03a,872818
conf/sigmod/WynblattN01,375737
journals/sigmod/Winslett02b,507357
journals/sigmod/Winslett02c,637427
journals/tods/ChaudhuriS99,320249
journals/vldb/ChandrasekaranF03,950486
conf/vldb/OrensteinK95,673151
journals/vldb/NanopoulosM02,767130
conf/vldb/Novaretti01,672196
conf/sigmod/WoelkBJOTU95,223867
conf/sigmod/BabyCY01,375761
journals/sigmod/JukicNV03,776987
journals/vldb/AbbadiSW01,767133
journals/sigmod/AtzeniMM97,271080
journals/sigmod/Chang03,640993
conf/vldb/Fecteau95,673140
journals/sigmod/BilirisP96,234898
conf/vldb/DarEGP98,276391
journals/tods/MelnikG03,762474
conf/vldb/VermeerA96,673635
journals/sigmod/BiancheriPP01,373631
conf/sigmod/ImielinskiV95,223885
conf/vldb/SreenathS94,672995
conf/vldb/DarFJST96,673462
conf/sigmod/LiYVGPUV98,276382
journals/sigmod/MalaikaEM03,945739
conf/sigmod/DoRD99,304250
conf/vldb/OzsuVU98,671024
journals/sigmod/Qian94,187462
journals/vldb/ChuaCL03,950492
conf/vldb/PatonG01,757416
conf/sigmod/FlorescuLMS99,304210
conf/vldb/ShashaB02,564799
conf/sigmod/FernandezFKLS97,262763
journals/sigmod/SonDT96,381879
journals/sigmod/Hammer02a,565135
conf/vldb/HjelsvoldM94,672818
conf/sigmod/MistryRSR01,375703
conf/sigmod/GoyalHKMSZ97,253377
conf/sigmod/Melling94,191948
conf/sigmod/Ubell94,191939
conf/sigmod/BrunoKS02,564727
conf/sigmod/ParkCY95,223813
conf/sigmod/Carey94,191929
journals/tods/LakshmananLRS97,261131
conf/vldb/Carey00,671700
conf/vldb/SindoniTABFGMPPT01,672039
conf/vldb/Draluk01,672031
conf/sigmod/Mylopoulos98,276349
journals/vldb/NgC98,765535
journals/sigmod/LudwigG00,362094
conf/vldb/Blum99,671348
conf/vldb/ChoG00,671679
conf/sigmod/Mohan96,280350
journals/sigmod/AlonsoCIM95,219742
journals/sigmod/VetterliVS00,362138
conf/vldb/BernsteinHSSZ97,670999
journals/sigmod/ChenHKPW94,190635
journals/sigmod/SpynsMJ02,637413
journals/vldb/BernsteinIR03,950482
journals/sigmod/MusickC99,344860
journals/vldb/ChuIT94,615208
journals/tods/WijesekeraJPH03,937599
journals/sigmod/Darwen96,234890
journals/sigmod/Winslett02,507357
conf/sigmod/BorkarDS01,375682
conf/sigmod/BraumandlKK99,304573
conf/vldb/PitouraC99,671504
conf/sigmod/AnnamalaiCD00,335463
journals/sigmod/Bernstein98,273271
conf/sigmod/KimCK01,375679
journals/vldb/Halevy01,767151
conf/vldb/EicklerKK97,673666
journals/sigmod/BestavrosLS96,381889
conf/vldb/VriesDBA99,671530
conf/vldb/MiloZ98,671326
conf/sigmod/ChristophidesCM96,233358
journals/vldb/YangW03,950494
conf/sigmod/FernandezS96,280347
conf/vldb/BohlenSS96,673474
journals/vldb/DattaDVRN01,767140
journals/sigmod/LeeC00,344822
journals/sigmod/LiefkeS00,344815
conf/sigmod/FungSG02,564775
conf/vldb/AilamakiDHS01,672367
conf/sigmod/LiVCAHMWBCHIKSS99,304578
conf/sigmod/GunopulosKTD00,335448
journals/sigmod/LabrinidisR00,344794
journals/sigmod/SegevJS95,219754
conf/sigmod/SionAP03,872772
conf/vldb/ChaudhuriW00,671696
journals/vldb/SuHHHLWLPLL01,767138
journals/sigmod/RisheSBDOALOSS95,212019
conf/vldb/ShuklaDNR96,673494
journals/sigmod/Gardels97,248610
journals/vldb/KornLKF00,764219
journals/sigmod/JaegerF95,219751
conf/vldb/CareyKSSS00,671862
conf/sigmod/NgLK98,276364
conf/vldb/WuYCT95,673158
journals/sigmod/dOnofrioP03,776990
conf/sigmod/ChoALS03,872859
conf/vldb/GrovlenHT98,671204
journals/vldb/FiebigHKMNSW02,764202
conf/vldb/ChaudhuriS96,673461
conf/sigmod/SunAA03,872813
journals/sigmod/Aberer01,604274
journals/sigmod/PitouraB95,212015
conf/vldb/AgrawalSX01,672175
journals/sigmod/Wade96,381895
conf/vldb/JosifovskiR99,671673
conf/vldb/SchaeferBBJ00,671845
conf/vldb/LuoN01,672041
journals/sigmod/Aberer02a,637423
journals/sigmod/WestmannKHM00,362137
conf/sigmod/ChenGM01,375688
conf/vldb/SheikholeslamiCZ98,671342
journals/sigmod/Widom94,187457
conf/sigmod/McIverK94,191924
conf/sigmod/AggarwalPWYP99,304188
conf/vldb/FegarasE01,672209
conf/vldb/BouganimFV96,673330
journals/sigmod/EisenbergM99a,344864
conf/vldb/CareyKSSS00,671695
journals/sigmod/EisenbergM99a,310075
conf/vldb/FangSGMU98,671338
journals/sigmod/DongS00,344808
conf/sigmod/AcharyaGPR99,304581
journals/sigmod/FreemanG96,381893
journals/sigmod/MeersmanS02,637412
conf/vldb/Brin95,673006
conf/vldb/SetzerZ94,672838
journals/sigmod/Date96,245885
conf/vldb/Hess96,673327
journals/sigmod/LenzVJS03,959083
conf/vldb/Team00,671838
journals/sigmod/Winslett03c,640998
conf/sigmod/KanthRSB99,304240
conf/sigmod/ChangC01,375776
journals/sigmod/Aberer03d,776994
conf/vldb/GuntzerBK00,671875
conf/sigmod/QunLO03,872776
journals/tods/GuoSW96,232692
journals/sigmod/Snodgrass98,390004
conf/vldb/Norvag99,758375
journals/sigmod/KokkotosIPS95,212014
conf/vldb/Brodie00,671680
conf/sigmod/CatarciS01,375771
conf/sigmod/LlirbatFS97,253357
journals/sigmod/BunemanFSW01,373697
conf/vldb/Madnick95,673306
conf/sigmod/HernandezS95,223807
journals/vldb/PeckhamMD95,615219
conf/vldb/GuptaM96,673482
conf/sigmod/DogacTPPLKTK02,564750
journals/sigmod/Vianu03,776999
journals/vldb/ChakrabartiRS03,950488
journals/sigmod/PourabbasR00,344799
conf/sigmod/Galhardas00,336568
conf/vldb/MarronL01,672372
journals/sigmod/Qian96b,245909
conf/sigmod/ChenCPPSTM00,335466
conf/sigmod/Team99,304244
conf/sigmod/ThaperGIK02,564741
conf/vldb/SchieferKBLF98,671187
journals/sigmod/HanBP01,603873
journals/sigmod/NejdlSS03,945731
conf/vldb/Objectivity98,758372
journals/sigmod/DiazJPa94,181555
conf/vldb/MehtaD95,673299
conf/vldb/Sarawagi95,673159
conf/vldb/SubietaKL95,673138
journals/sigmod/GeppertD94,181556
conf/sigmod/Wu99,304202
journals/sigmod/HasanFV96,234894
journals/sigmod/Wedekind94,190628
conf/vldb/LakshmananSS96,673490
journals/vldb/LawLG99,765513
conf/sigmod/ColletC95,223887
journals/sigmod/CatarciC96,245888
conf/vldb/LevyMS94,672839
conf/sigmod/LarsonG98,276346
conf/sigmod/Mohan02,564796
conf/vldb/RamsakMFZEB00,671872
conf/vldb/MartinC94,673004
journals/vldb/Li03,950491
journals/sigmod/KaradimitriouT97,248613
journals/sigmod/CherniakV03,641001
journals/sigmod/MillerHHYHFP01,373713
conf/sigmod/JohnsonD03,872875
journals/vldb/GibsonKR00,764217
journals/sigmod/KappelR98,290601
conf/vldb/FaloutsosG96,673487
conf/sigmod/ChakrabartiM99,304185
conf/sigmod/LiBCS00,336583
journals/sigmod/GatziuKBF98,273255
conf/vldb/Ramaswamy00,672012
journals/tods/Snodgrass01a,505055
conf/vldb/Mohan99,671526
journals/sigmod/Dogac96,234900
journals/sigmod/HalkidiBV02a,565124
journals/tods/Revesz98,288088
conf/vldb/DuttaDMRT00,672018
journals/sigmod/Aberer02,637423
journals/sigmod/Aberer02c,565129
conf/sigmod/Meseck01,375745
journals/sigmod/Snodgrass98b,390004
conf/sigmod/ShouCTRH01,375755
conf/sigmod/GunopulosD01,375808
conf/vldb/BaulierBKS98,671167
journals/vldb/LometS97,765558
journals/sigmod/Snodgrass02a,507369
journals/sigmod/CalvaneseGLV03,959076
conf/vldb/TanEO01,672217
conf/sigmod/MinPC03,872775
journals/sigmod/EisenbergM98a,306144
conf/sigmod/ColbyGLMT96,233364
conf/sigmod/CeriFP98,276390
conf/sigmod/SeshadriLR94,191926
conf/vldb/StillgerLMK01,672349
conf/sigmod/AgrawalES03,872771
conf/sigmod/ArasuG03,872799
journals/sigmod/LuoI02,601879
journals/sigmod/Winslett02c,565126
conf/sigmod/ZhangNDLL01,375722
journals/tods/IoannidisR95,211419
conf/sigmod/PapadiasTFS03,872814
journals/sigmod/QuixSJ02,507348
conf/vldb/ChaudhuriG99,671359
conf/vldb/AbiteboulMRVW98,671172
journals/sigmod/BorgidaCS98,290595
conf/vldb/Adler01,758383
journals/vldb/MaedcheMS03,953240
journals/sigmod/MukhopadhyayGS03,776989
journals/sigmod/ZobelMR96,234891
conf/sigmod/ZaianeHLCC98,276388
journals/sigmod/Bhashyam96,673470
conf/sigmod/AcharyaGP00,335450
conf/sigmod/VingralekBW94,191889
conf/vldb/GehrkeRG98,671330
journals/sigmod/BargaL02,565139
conf/sigmod/AboulnagaC99,304198
conf/vldb/MoserKK95,673149
journals/sigmod/ShahMFH01,604282
journals/sigmod/GatziuJSV99,344825
conf/sigmod/NguyenS96,233371
conf/sigmod/HammerGIPUW95,223896
conf/vldb/ChirkovaHS01,672216
journals/sigmod/Anonymous96,381900
journals/sigmod/AbererCH02,637419
journals/sigmod/BabuW01,603884
journals/sigmod/BarbaraS97,262764
conf/vldb/YagoubFIV00,672020
journals/tods/PolyzoisG94,185836
conf/sigmod/Ballinger94,191944
conf/sigmod/GravanoCGP97,253299
conf/sigmod/YangM97,253361
journals/tods/GunopulosKMSTS03,777945
conf/sigmod/CareyCNVDRSM99,304234
conf/sigmod/CareyK97,253302
journals/sigmod/Zhang95,202661
conf/sigmod/LiCHH97,253384
journals/tods/DekhtyarRS01,502031
journals/vldb/MehtaGPN98,765522
conf/vldb/PoosalaI97,673638
conf/vldb/KoudasMJ99,758373
journals/vldb/CatarciSC97,765550
conf/sigmod/WangJLY03,872777
journals/sigmod/AtkinsonDJPS96,245905
journals/sigmod/Qian96,234903
conf/sigmod/BabcockBDM03,872789
journals/sigmod/Stonebraker94,181551
conf/sigmod/IoannidisP95,223841
conf/vldb/ChristodoulakisTZ97,671007
journals/sigmod/ElmagarmidJF95,219735
journals/sigmod/Hoffner03,776995
conf/sigmod/Lassettre98,276371
conf/vldb/NgC97,673643
conf/vldb/ChanI99,304201
conf/sigmod/Rosenthal01,375796
conf/sigmod/PapadopoulosM98,276325
journals/sigmod/EisenbergM02,565141
journals/sigmod/ClementLGMK97,262765
journals/vldb/BeckerGOSW96,765854
conf/sigmod/Cohen98,276380
conf/vldb/BrownG01,672032
conf/vldb/GoldmanW97,671008
conf/vldb/BerchtoldKK96,673502
conf/sigmod/Deutsch95,223880
conf/vldb/ReuterCGSW95,673318
journals/sigmod/Camps02,565125
conf/sigmod/JagadishJOT01,375687
journals/tods/BertinoBFS98,293151
conf/sigmod/GraySSU03,872873
conf/sigmod/AdelbergGW97,253287
conf/vldb/Amer-YahiaCD98,671324
journals/tods/ChakrabartiKMP02,568520
conf/sigmod/LabioYG99,304216
conf/vldb/LiCHPALHAY01,672040
journals/sigmod/Aberer01a,603869
conf/vldb/Mina98,671162
journals/sigmod/Suciu97,262770
conf/sigmod/JonkerS95,223903
conf/sigmod/CruzJ99,304587
conf/vldb/LockemannKKKN97,673665
journals/vldb/DoanMDDH03,953241
conf/vldb/DayalHL01,672211
journals/sigmod/GuptaHR97,271093
journals/sigmod/PuSW01,373680
journals/sigmod/Qian96a,381901
conf/vldb/PfoserJT00,672019
journals/tods/WinslettSQ94,195675
conf/vldb/JagadishLRSS94,673000
conf/vldb/HoelS95,673135
conf/sigmod/DraperHW01,375744
journals/tods/Ng01,502033
conf/vldb/AmielBDS94,672982
journals/sigmod/Ulusoy95,219751
conf/sigmod/PatelD96,233338
journals/vldb/FerrariAABC02,767097
conf/vldb/BalminPP00,672016
conf/vldb/LeeLWS97,671015
conf/sigmod/GuptaMR95,223817
journals/vldb/WhangKW94,615187
conf/sigmod/ZhouR02,564709
conf/sigmod/YangYW00,336578
conf/sigmod/Chamberlin03,872877
journals/vldb/DiazJ97,765563
journals/sigmod/TheodoridisN00,362104
conf/vldb/BraumandlCK98,671341
conf/vldb/WangHH00,671697
conf/vldb/DesslochM97,671012
conf/sigmod/CherniackZ98,671177
journals/vldb/NgS98,765539
conf/vldb/CarusoCGLM00,671870
conf/sigmod/SinghTW94,191949
conf/sigmod/FaginKS03,872795
journals/vldb/EyalM01,767135
conf/vldb/AcharyaFZ96,673323
journals/vldb/BernsteinIR03,953239
conf/sigmod/HanFWCZK96,280356
journals/sigmod/Aberer01,604273
conf/vldb/FaloutsosJS97,673641
conf/sigmod/LakshmananPZ03a,872843
conf/sigmod/CareyMN97,253370
conf/vldb/LiRS99,671355
conf/vldb/JohnsonA00,671874
journals/sigmod/BerzalM02,565130
journals/tods/TaoPZ02,581754
conf/sigmod/AndersonAF98,276365
conf/sigmod/Chaudhuri97,253374
journals/sigmod/Han98,273273
conf/vldb/ZurekS99,671665
conf/sigmod/Sarawagi00,336564
conf/sigmod/TheodoulidisAACKS94,191967
journals/sigmod/KantM00,362091
conf/vldb/NinkHR99,671661
conf/vldb/NetzCBF00,671836
journals/sigmod/KempsterST99,344843
conf/sigmod/OriaOILY00,336589
journals/sigmod/HadzilacosT97,262766
conf/vldb/BernsteinHJRW00,671867
conf/sigmod/QuassWGHLMNRRAUW96,280355
conf/sigmod/ZhaoDN97,253288
conf/sigmod/ChenWZ98,276392
conf/sigmod/DarEGP98,276391
conf/sigmod/JagadishLS99,304186
journals/vldb/ChienTZ02,764204
conf/vldb/BertinoBFS96,673475
journals/sigmod/ACT-NET96,234896
journals/sigmod/Aberer03d,776993
conf/vldb/AboulnagaAN01,672034
conf/sigmod/Bernstein96,280348
conf/sigmod/McAuliffeCS96,233355
conf/sigmod/RaoBG96,233334
conf/sigmod/LazaridisM01,375718
journals/sigmod/ChangASS98,273264
conf/vldb/ChakrabartiGRS00,671851
conf/vldb/Atal96,673322
journals/sigmod/Labrinidis01,603885
conf/vldb/ZimbraoS98,671196
conf/vldb/BelloDDFNSWZ98,671335
journals/sigmod/Aberer03c,776994
conf/vldb/StanoiRAA01,672207
conf/sigmod/Tajima96,233349
journals/sigmod/Qian96,381901
conf/sigmod/BreunigKKS01,375672
conf/vldb/CiacciaPZ97,671005
conf/sigmod/CareyDFHMNSSTTWZ94,191915
conf/vldb/Gibbons01,672351
conf/vldb/GarofalakisOS97,758368
journals/sigmod/HellersteinHM03,959065
journals/sigmod/Snodgrass98c,390004
journals/sigmod/Aberer02a,601864
journals/sigmod/YuenCLL00,369282
journals/sigmod/WolfsonSDNR95,219746
conf/vldb/LiCHH97,673668
journals/vldb/Amer-YahiaCLS02,764203
journals/tods/ChomickiTB01,383892
journals/sigmod/Winslett02b,601871
conf/sigmod/Gray95,223864
conf/vldb/FaloutsosMS96,673328
conf/vldb/MuntzR94,672820
conf/vldb/LakshmananJN00,671863
conf/sigmod/HsuLG00,336573
journals/sigmod/DunhamH95,219727
conf/sigmod/VossenW99,304586
journals/vldb/OzsuPSILM95,615228
conf/sigmod/BrinMS97,253327
conf/sigmod/SagonasSW94,191927
conf/sigmod/SarawagiTA98,276335
journals/sigmod/NadoH97,271083
journals/vldb/JagadishACLNPPSWWY02,764201
conf/vldb/IoannidisP99,671527
conf/sigmod/DobraGGR02,564699
journals/sigmod/Danish98,306103
journals/sigmod/Aberer03b,776994
journals/tods/PetersO97,244813
journals/sigmod/Winslett03b,640998
conf/vldb/ChakrabartiBD99,671523
journals/tods/Hellerstein98,277627
conf/sigmod/KrollW94,191891
journals/sigmod/Winslett03a,640999
journals/sigmod/Libkin99,344850
journals/sigmod/Konig-RiesL97,262771
conf/vldb/GuptaHQ95,673150
journals/vldb/RamamrithamC96,765756
conf/vldb/BlottKS98,671333
journals/sigmod/Keim96,280349
journals/sigmod/Mackay99,309852
journals/sigmod/Aberer03b,945727
journals/sigmod/MaximilienS02,637417
journals/sigmod/Qian95,212022
conf/sigmod/FreedmanD95,223851
conf/sigmod/Kim94,191938
conf/sigmod/RossSS96,233361
conf/sigmod/HellersteinN96,233359
conf/vldb/AilamakiDHW99,671662
conf/sigmod/BargaL99,304577
journals/sigmod/NgH95,202665
conf/vldb/Bar-YossefBCFW00,671873
conf/sigmod/HanKS97,253404
journals/tods/StoreyCDGS97,278246
journals/sigmod/MattosD94,190648
journals/vldb/SwamiS95,615239
journals/vldb/HuntAI02,641274
conf/sigmod/LeeKC99,304200
conf/sigmod/ZhangZPTL03,872812
journals/vldb/JagadishKNS00,765237
conf/vldb/KonopnickiS95,673148
journals/sigmod/Giorgini03,959084
conf/vldb/VenkataramanZ98,671028
journals/sigmod/Suciu01,603874
conf/sigmod/RamaswamyRS00,335437
conf/vldb/Blecken00,671691
journals/vldb/Ozsu03,775453
journals/vldb/ShyyASL96,765804
conf/sigmod/Grust02,564705
conf/vldb/KonigW99,671668
conf/vldb/MalonM97,673642
conf/sigmod/ChawatheG97,253266
conf/vldb/Bernstein94,672999
conf/vldb/PellenkoftLK97,673661
conf/sigmod/Keim96,245896
conf/vldb/KeimH99,671505
conf/sigmod/SengarH03,872867
conf/sigmod/ParkKKLPC98,276387
conf/sigmod/TomasicGS94,191896
conf/sigmod/CatarciS94,191976
conf/sigmod/KabraD98,276315
conf/vldb/WangZ00,671687
conf/sigmod/WangSCRZP97,253406
conf/vldb/RisheYACLMVSV00,671681
conf/vldb/ZhouLZLZJT01,672206
journals/sigmod/Snodgrass98,290599
conf/vldb/KemperKW99,671506
conf/sigmod/ZhangDWEMPMDR03,872861
journals/sigmod/Libkin99a,344850
journals/tods/RaschidL96,236714
conf/vldb/FuC94,672824
journals/sigmod/DemersGRTY03,959070
journals/sigmod/UlusoyB96,381876
journals/sigmod/Aberer02,601864
conf/sigmod/ZhangMCMR02,564767
conf/vldb/GarofalakisIO98,671193
conf/sigmod/Amer-YahiaCLS01,375730
conf/vldb/SakuraiYUK00,671676
journals/vldb/BernsteinPS00,765235
conf/sigmod/ZhangRL96,233324
journals/tods/SrivastavaSRN95,219056
journals/sigmod/EisenbergM01,604280
journals/tods/RosenthalR94,176568
conf/sigmod/JagatheesanR03,872878
journals/sigmod/SnodgrassGIMSU98,390004
journals/tods/ZobelMR98,277632
conf/sigmod/LiuPBHPT00,336579
journals/vldb/TurkerG01,767150
conf/sigmod/IlyasRLGL03,872803
journals/sigmod/KambhampatiK03,959086
conf/sigmod/SistlaW95,223844
conf/vldb/SrinivasanDFCJYKTDB00,672004
journals/sigmod/DadamK97,271096
journals/sigmod/Snodgrass03c,945723
journals/sigmod/PossasMCR00,369278
journals/sigmod/Seshadri98,765531
conf/sigmod/RoySSB00,335419
conf/sigmod/KotidisR99,304215
journals/sigmod/RosenthalSMBTL95,212020
conf/sigmod/ChaudhuriN98,276337
journals/sigmod/AilamakiH03,945725
journals/sigmod/MusickM98,273249
conf/vldb/JagadishNSSK97,671013
conf/sigmod/Jagadish94,191991
journals/tods/MehrotraRKS98,277629
conf/sigmod/RamanH02,564723
conf/sigmod/Lomet00,335378
conf/sigmod/Bussler02,564801
journals/vldb/KabraD99,765518
conf/sigmod/YerneniLGU99,304221
conf/vldb/OzdenGHNSDGGW01,672352
conf/sigmod/AbadiCCCCEGHMRSSTXYZ03,872855
journals/sigmod/Hainaut03,959087
journals/tods/HjaltasonS03,958948
conf/sigmod/GillmannWSWW00,336577
conf/sigmod/HoAMS97,253274
journals/sigmod/Snodgrass03c,959062
journals/sigmod/Ouksel03,945735
journals/tods/GoldmanL94,195666
conf/vldb/GarofalakisI97,671004
journals/sigmod/NormanZT96,234892
conf/vldb/GraefeBC98,671160
journals/tods/LiuHD98,277628
conf/sigmod/MogiK96,233331
conf/vldb/Pogue98,671174
conf/sigmod/UrhanFA98,276317
journals/vldb/Guting94,615206
conf/sigmod/NgLHM99,304575
conf/sigmod/CruzALRZ97,253376
journals/tods/SchuldtABS02,507236
journals/sigmod/LabrinidisM01,603886
journals/tods/EiterLLS01,502031
conf/sigmod/Cotton02,564792
journals/sigmod/Ouksel02,565131
journals/sigmod/SellisV95,219766
journals/sigmod/Geller02,507355
journals/vldb/MihailaRT02,767096
journals/sigmod/Cardelli01,604278
conf/sigmod/BrownCL96,233351
conf/sigmod/ImielinskiVB94,191846
journals/sigmod/McHughAGQW97,262770
journals/vldb/SivasankaranSTPR96,765752
journals/sigmod/GottlobKP03,640992
